PMX Bone Weight
0.8855544,0.3029318,-1.410819,-0.6739754,0.02900138,-0.7381843,左足首,,,,1,0,0,0,False,0,0,0,0,0,0,0,0,0
0.8848925,0.3086632,-1.409903,-0.5834975,0.418229,-0.6961431,左足首,,,,1,0,0,0,False,0,0,0,0,0,0,0,0,0
0.8730562,0.3528906,-1.357042,-0.822269,0.2985843,-0.4844804,左足首,,,,1,0,0,0,False,0,0,0,0,0,0,0,0,0
0.9589415,0.3619587,-1.364023,0.7706376,0.3405721,-0.5386357,左足首,,,,1,0,0,0,False,0,0,0,0,0,0,0,0,0
0.9535078,0.3075132,-1.408602,0.5397198,0.368771,-0.7567765,左足首,,,,1,0,0,0,False,0,0,0,0,0,0,0,0,0
0.953182,0.3011948,-1.409057,0.7508197,-0.01270477,-0.660385,左足首,,,,1,0,0,0,False,0,0,0,0,0,0,0,0,0
0.8102582,0.3891859,-1.325923,0.3754955,0.6974165,-0.6104206,左足首,,,,1,0,0,0,False,0,0,0,0,0,0,0,0,0
0.8253984,0.3411062,-1.397202,0.660089,0.6195939,-0.4247188,左足首,,,,1,0,0,0,False,0,0,0,0,0,0,0,0,0
0.826014,0.3350418,-1.399514,0.7012557,0.4899983,-0.5178245,左足首,,,,1,0,0,0,False,0,0,0,0,0,0,0,0,0
0.7126328,0.3307637,-1.415126,-0.7086472,0.4774169,-0.5195116,左足首,,,,1,0,0,0,False,0,0,0,0,0,0,0,0,0
0.6927025,0.3553977,-1.329979,-0.6829407,0.4773934,-0.5528901,左足首,,,,1,0,0,0,False,0,0,0,0,0,0,0,0,0
0.7137552,0.326151,-1.417857,-0.6715707,0.2464249,-0.6987615,左足首,,,,1,0,0,0,False,0,0,0,0,0,0,0,0,0
0.6828866,3.756489,0.2457854,-0.8034855,-0.1517035,0.5756711,左ひざ,,,,1,0,0,0,False,0,0,0,0,0,0,0,0,0
0.5612354,4.315995,0.1604828,-0.9555868,-0.1308901,0.2640487,左ひざ,,,,1,0,0,0,False,0,0,0,0,0,0,0,0,0
0.6346673,4.324496,0.3044614,-0.7623972,-0.1130587,0.6371565,左ひざ,,,,1,0,0,0,False,0,0,0,0,0,0,0,0,0
0.9924038,1.432338,0.2950623,-0.3403134,0.4362929,0.8329678,左足首,左ひざ,,,0.68,0.32,0,0,False,0,0,0,0,0,0,0,0,0
0.9996182,1.637266,0.2234498,-0.1797589,0.3152193,0.9318388,左ひざ,左足首,,,0.54,0.46,0,0,False,0,0,0,0,0,0,0,0,0
1.046653,1.437018,0.293431,0.2097499,0.4455967,0.8703151,左足首,左ひざ,,,0.68,0.32,0,0,False,0,0,0,0,0,0,0,0,0
1.223287,1.906342,0.02929171,0.7654644,-0.04489032,0.6419105,左ひざ,左足首,,,0.6,0.4,0,0,False,0,0,0,0,0,0,0,0,0
1.252063,1.621308,0.02919449,0.7622468,0.1395305,0.6320689,左ひざ,左足首,,,0.54,0.46,0,0,False,0,0,0,0,0,0,0,0,0
1.184789,1.621375,0.08957971,0.7216201,0.1753395,0.6697167,左ひざ,左足首,,,0.54,0.46,0,0,False,0,0,0,0,0,0,0,0,0
1.187029,1.379756,-0.3686263,0.7979178,0.1197542,-0.5907505,左足首,,,,1,0,0,0,False,0,0,0,0,0,0,0,0,0
1.251906,1.288435,-0.2750459,0.9061734,0.04954921,-0.4199936,左足首,,,,1,0,0,0,False,0,0,0,0,0,0,0,0,0
1.245335,1.41693,-0.2689491,0.8392855,-0.009492661,-0.5436082,左足首,,,,1,0,0,0,False,0,0,0,0,0,0,0,0,0
1.329515,1.451435,-0.1611367,0.8070942,-0.03503029,-0.5893826,左足首,,,,1,0,0,0,False,0,0,0,0,0,0,0,0,0
1.32688,1.337586,-0.1451481,0.8539721,-0.1086996,-0.5088379,左足首,,,,1,0,0,0,False,0,0,0,0,0,0,0,0,0
1.25838,1.590741,-0.259596,0.850184,-0.02864817,-0.5257057,左足首,左ひざ,,,0.68,0.32,0,0,False,0,0,0,0,0,0,0,0,0
1.240862,1.848569,-0.330938,0.8229116,-0.08647077,-0.5615509,左ひざ,左足首,,,0.6,0.4,0,0,False,0,0,0,0,0,0,0,0,0
1.206892,1.592586,-0.3459994,0.7495596,-0.03636685,-0.6609371,左足首,左ひざ,,,0.68,0.32,0,0,False,0,0,0,0,0,0,0,0,0
1.008338,0.3223048,-1.389247,-0.6829095,-0.1017347,-0.7233843,左足首,,,,1,0,0,0,False,0,0,0,0,0,0,0,0,0
1.008039,0.3274523,-1.390216,-0.502112,0.2643735,-0.8234016,左足首,,,,1,0,0,0,False,0,0,0,0,0,0,0,0,0
1.000307,0.3737862,-1.363376,-0.7331174,0.300514,-0.6101068,左足首,,,,1,0,0,0,False,0,0,0,0,0,0,0,0,0
1.080953,0.368242,-1.356984,0.8321501,0.2313141,-0.504004,左足首,,,,1,0,0,0,False,0,0,0,0,0,0,0,0,0
1.06907,0.3222535,-1.383848,0.6282628,0.1353038,-0.7661454,左足首,,,,1,0,0,0,False,0,0,0,0,0,0,0,0,0
1.068573,0.317126,-1.382891,0.7949564,-0.1664653,-0.5833811,左足首,,,,1,0,0,0,False,0,0,0,0,0,0,0,0,0
1.280286,0.3752045,-1.134124,0.7392405,0.07098643,-0.6696898,左足首,,,,1,0,0,0,False,0,0,0,0,0,0,0,0,0
1.259451,0.3438867,-1.162294,0.6923719,0.04476317,-0.720151,左足首,,,,1,0,0,0,False,0,0,0,0,0,0,0,0,0
1.258369,0.3389913,-1.161818,0.6391639,-0.3017949,-0.7073821,左足首,,,,1,0,0,0,False,0,0,0,0,0,0,0,0,0
1.178106,0.3621752,-1.269209,0.824335,0.2018145,-0.5289071,左足首,,,,1,0,0,0,False,0,0,0,0,0,0,0,0,0
1.168118,0.3185571,-1.300897,0.6882254,0.145454,-0.7107665,左足首,,,,1,0,0,0,False,0,0,0,0,0,0,0,0,0
1.167704,0.3134362,-1.300204,0.7774462,-0.1016067,-0.620688,左足首,,,,1,0,0,0,False,0,0,0,0,0,0,0,0,0
1.212154,0.3669888,-1.168836,-0.7998492,0.09782331,-0.5921756,左足首,,,,1,0,0,0,False,0,0,0,0,0,0,0,0,0
1.212638,0.3719853,-1.169402,-0.4085207,0.470304,-0.7822564,左足首,,,,1,0,0,0,False,0,0,0,0,0,0,0,0,0
1.222158,0.4051397,-1.142865,-0.6751677,0.4783259,-0.561563,左足首,,,,1,0,0,0,False,0,0,0,0,0,0,0,0,0
0.6892143,0.5509953,-1.129071,-0.58351,0.6459022,-0.4922667,左足首,,,,1,0,0,0,False,0,0,0,0,0,0,0,0,0
0.7549209,0.5740917,-1.134147,-0.203131,0.7889462,-0.5799152,左足首,,,,1,0,0,0,False,0,0,0,0,0,0,0,0,0
0.7009134,0.6341991,-1.019744,-0.4693297,0.713868,-0.5197328,左足首,,,,1,0,0,0,False,0,0,0,0,0,0,0,0,0
0.8037059,0.5799167,-1.132411,0.1720747,0.5131924,-0.8408471,左足首,,,,1,0,0,0,False,0,0,0,0,0,0,0,0,0
0.8584954,0.5889339,-1.134624,-0.2595687,0.6632749,-0.7019191,左足首,,,,1,0,0,0,False,0,0,0,0,0,0,0,0,0
0.8171902,0.6607471,-1.031524,-0.1183221,0.7734674,-0.6226943,左足首,,,,1,0,0,0,False,0,0,0,0,0,0,0,0,0
0.7044081,0.3094554,-1.416075,-0.6894237,0.02703913,-0.7238535,左足首,,,,1,0,0,0,False,0,0,0,0,0,0,0,0,0
0.6647617,0.3469336,-1.32025,-0.8403748,0.2163531,-0.4969524,左足首,,,,1,0,0,0,False,0,0,0,0,0,0,0,0,0
0.706139,0.2455896,-1.374835,-0.6895537,-0.5216253,-0.502417,左足首,,,,1,0,0,0,False,0,0,0,0,0,0,0,0,0
0.6633471,0.2721644,-1.304688,-0.8558742,-0.4668686,-0.2225155,左足首,,,,1,0,0,0,False,0,0,0,0,0,0,0,0,0
0.6321625,0.5767609,-0.9818353,-0.82329,0.4170309,-0.3850697,左足首,,,,1,0,0,0,False,0,0,0,0,0,0,0,0,0
0.6453855,0.716358,-0.8294733,-0.7450964,0.5579488,-0.3654101,左足首,,,,1,0,0,0,False,0,0,0,0,0,0,0,0,0
0.7256719,1.1112,-0.4622993,-0.929349,0.2898592,-0.2286747,左足首,,,,1,0,0,0,False,0,0,0,0,0,0,0,0,0
0.8054271,1.184306,-0.5760767,-0.5214706,0.5005776,-0.6910068,左足首,,,,1,0,0,0,False,0,0,0,0,0,0,0,0,0
0.8267063,1.399502,-0.4382719,-0.7063424,0.336284,-0.6228912,左足首,,,,1,0,0,0,False,0,0,0,0,0,0,0,0,0
0.7248026,1.121261,-0.2546274,-0.9953634,0.08529893,0.04445037,左足首,,,,1,0,0,0,False,0,0,0,0,0,0,0,0,0
0.695752,0.9177837,-0.3954813,-0.9803675,-0.01138724,0.19685,左足首,,,,1,0,0,0,False,0,0,0,0,0,0,0,0,0
0.755215,1.35501,-0.3039905,-0.9664887,0.1901487,-0.1724618,左足首,,,,1,0,0,0,False,0,0,0,0,0,0,0,0,0
0.7481657,1.347704,-0.1316977,-0.9956334,0.08890299,0.02846752,左足首,,,,1,0,0,0,False,0,0,0,0,0,0,0,0,0
1.343834,0.8386412,-0.3707875,0.9451445,0.2892695,-0.1517402,左足首,,,,1,0,0,0,False,0,0,0,0,0,0,0,0,0
1.232109,0.8995756,-0.6078418,0.7264341,0.4868453,-0.4850517,左足首,,,,1,0,0,0,False,0,0,0,0,0,0,0,0,0
1.347795,0.7368566,-0.5703984,0.883508,0.414006,-0.2191181,左足首,,,,1,0,0,0,False,0,0,0,0,0,0,0,0,0
0.9555258,0.6680583,-1.025711,0.07756356,0.8113014,-0.5794601,左足首,,,,1,0,0,0,False,0,0,0,0,0,0,0,0,0
0.9379106,0.5939574,-1.136689,0.2651998,0.748624,-0.6076441,左足首,,,,1,0,0,0,False,0,0,0,0,0,0,0,0,0
0.9950922,0.5953726,-1.140934,-0.2271752,0.7313205,-0.6430877,左足首,,,,1,0,0,0,False,0,0,0,0,0,0,0,0,0
0.963443,0.5223026,-1.162946,-0.3188038,0.1514954,-0.9356353,左足首,,,,1,0,0,0,False,0,0,0,0,0,0,0,0,0
0.9708799,0.4652081,-1.216219,0.9931145,0.1168749,0.007997523,左足首,,,,1,0,0,0,False,0,0,0,0,0,0,0,0,0
0.9782914,0.4805633,-1.224601,-0.9539729,0.1754984,-0.2431793,左足首,,,,1,0,0,0,False,0,0,0,0,0,0,0,0,0
1.000511,0.5218496,-1.258871,-0.4291222,0.6705081,-0.6052049,左足首,,,,1,0,0,0,False,0,0,0,0,0,0,0,0,0
0.9537042,0.510142,-1.257792,0.4950542,0.654968,-0.5709102,左足首,,,,1,0,0,0,False,0,0,0,0,0,0,0,0,0
1.081854,0.4263146,-1.307714,0.708657,0.4681647,-0.5278513,左足首,,,,1,0,0,0,False,0,0,0,0,0,0,0,0,0
1.041182,0.3795062,-1.358506,0.1392869,0.5690212,-0.8104407,左足首,,,,1,0,0,0,False,0,0,0,0,0,0,0,0,0
0.9163946,0.3681974,-1.360028,-0.05829889,0.6162354,-0.7854013,左足首,,,,1,0,0,0,False,0,0,0,0,0,0,0,0,0
0.8747471,0.4448743,-1.317262,-0.5247616,0.4603623,-0.7160251,左足首,,,,1,0,0,0,False,0,0,0,0,0,0,0,0,0
0.8474209,0.3277326,-1.268823,-0.9997603,0.01120428,0.01881398,左足首,,,,1,0,0,0,False,0,0,0,0,0,0,0,0,0
0.849739,0.2781845,-1.338723,-0.9753194,-0.06729232,-0.2102943,左足首,,,,1,0,0,0,False,0,0,0,0,0,0,0,0,0
0.8504122,0.4474394,-1.22971,-0.9965814,-0.006537249,-0.08235828,左足首,,,,1,0,0,0,False,0,0,0,0,0,0,0,0,0
0.8708736,0.5114425,-1.259931,-0.5991229,0.6019636,-0.5279124,左足首,,,,1,0,0,0,False,0,0,0,0,0,0,0,0,0
0.9323304,0.7222306,0.3724429,-0.4024301,-0.7687124,0.497123,左足首,,,,1,0,0,0,False,0,0,0,0,0,0,0,0,0
0.8508046,0.8695568,0.4299473,-0.72675,-0.2288357,0.647664,左足首,,,,1,0,0,0,False,0,0,0,0,0,0,0,0,0
0.967372,0.85579,0.4918636,-0.2276127,-0.3481089,0.9094023,左足首,,,,1,0,0,0,False,0,0,0,0,0,0,0,0,0
1.053376,0.7150564,0.3940446,0.02643736,-0.820915,0.5704381,左足首,,,,1,0,0,0,False,0,0,0,0,0,0,0,0,0
1.180601,0.7417603,0.368928,0.4686927,-0.6679004,0.5781317,左足首,,,,1,0,0,0,False,0,0,0,0,0,0,0,0,0
1.141682,0.6419867,0.1585974,0.1933864,-0.952212,0.2364191,左足首,,,,1,0,0,0,False,0,0,0,0,0,0,0,0,0
1.207085,0.8797506,0.4412916,0.6708891,-0.1349672,0.7291719,左足首,,,,1,0,0,0,False,0,0,0,0,0,0,0,0,0
1.267934,0.7809788,0.2942117,0.8110473,-0.4430558,0.3819737,左足首,,,,1,0,0,0,False,0,0,0,0,0,0,0,0,0
0.9503083,0.4647863,-0.5150219,-0.1393837,-0.8647955,0.482391,左足首,,,,1,0,0,0,False,0,0,0,0,0,0,0,0,0
1.057578,0.387228,-0.7241984,-0.001234245,-0.9471326,0.32084,左足首,,,,1,0,0,0,False,0,0,0,0,0,0,0,0,0
0.8760764,0.3851731,-0.732599,-0.04305663,-0.9344874,0.3533829,左足首,,,,1,0,0,0,False,0,0,0,0,0,0,0,0,0
0.8567794,0.3300861,-0.8995219,-0.00254773,-0.9780801,0.2082133,左足首,,,,1,0,0,0,False,0,0,0,0,0,0,0,0,0
0.9747815,0.3314987,-0.8938004,0.01450769,-0.9758058,0.2181578,左足首,,,,1,0,0,0,False,0,0,0,0,0,0,0,0,0
0.7897825,0.3316841,-1.052481,0.3289734,-0.8954933,-0.2997803,左足首,,,,1,0,0,0,False,0,0,0,0,0,0,0,0,0
0.8646972,0.3534949,-1.098907,-0.4251925,-0.7571353,-0.4959409,左足首,,,,1,0,0,0,False,0,0,0,0,0,0,0,0,0
0.8234168,0.5029294,-1.115085,0.7961005,-0.08267277,-0.5994908,左足首,,,,1,0,0,0,False,0,0,0,0,0,0,0,0,0
0.8042226,0.3334677,-1.096985,0.7862406,-0.3727868,0.492804,左足首,,,,1,0,0,0,False,0,0,0,0,0,0,0,0,0
0.8522471,0.2363099,-1.267975,0.830311,-0.5546415,0.05437501,左足首,,,,1,0,0,0,False,0,0,0,0,0,0,0,0,0
0.8018966,0.214528,-1.325059,0.3341583,-0.899734,-0.2807434,左足首,,,,1,0,0,0,False,0,0,0,0,0,0,0,0,0
0.7898386,0.2097909,-1.258949,0.2112006,-0.9576904,0.195508,左足首,,,,1,0,0,0,False,0,0,0,0,0,0,0,0,0
0.7564554,0.243193,-1.396051,-0.02922642,-0.7073267,-0.7062823,左足首,,,,1,0,0,0,False,0,0,0,0,0,0,0,0,0
0.7354718,0.2098848,-1.335668,-0.2624217,-0.9321964,-0.2492888,左足首,,,,1,0,0,0,False,0,0,0,0,0,0,0,0,0
0.8092242,0.2515406,-1.3877,0.4790669,-0.5995542,-0.641116,左足首,,,,1,0,0,0,False,0,0,0,0,0,0,0,0,0
0.8469959,0.2625338,-1.361065,0.8253234,-0.4290175,-0.3671312,左足首,,,,1,0,0,0,False,0,0,0,0,0,0,0,0,0
1.091096,0.5253775,-1.133746,0.6275649,0.2127489,-0.7489327,左足首,,,,1,0,0,0,False,0,0,0,0,0,0,0,0,0
1.057605,0.3538393,-1.081703,0.3223842,-0.8603306,-0.3948416,左足首,,,,1,0,0,0,False,0,0,0,0,0,0,0,0,0
1.128782,0.3580616,-1.052744,-0.1356275,-0.9667603,-0.2167481,左足首,,,,1,0,0,0,False,0,0,0,0,0,0,0,0,0
0.9890675,0.3794445,-1.169537,-0.9306307,-0.338686,0.1386303,左足首,,,,1,0,0,0,False,0,0,0,0,0,0,0,0,0
0.9912488,0.3671653,-1.104019,-0.2678827,-0.840905,-0.4702315,左足首,,,,1,0,0,0,False,0,0,0,0,0,0,0,0,0
1.0325,0.3630916,-1.155519,-0.172771,-0.86545,0.4702623,左足首,,,,1,0,0,0,False,0,0,0,0,0,0,0,0,0
1.070464,0.2348278,-1.315081,0.6623409,-0.7333828,-0.1531477,左足首,,,,1,0,0,0,False,0,0,0,0,0,0,0,0,0
1.038032,0.2423989,-1.234835,-0.04380516,-0.855997,0.5151215,左足首,,,,1,0,0,0,False,0,0,0,0,0,0,0,0,0
1.094107,0.2551934,-1.253461,0.7780072,-0.5945912,0.2028945,左足首,,,,1,0,0,0,False,0,0,0,0,0,0,0,0,0
1.032798,0.2141389,-1.318288,-0.05907001,-0.9919596,-0.1119241,左足首,,,,1,0,0,0,False,0,0,0,0,0,0,0,0,0
0.913069,0.3496655,-1.187536,0.1119235,-0.6851809,0.7197224,左足首,,,,1,0,0,0,False,0,0,0,0,0,0,0,0,0
0.8729817,0.358365,-1.19701,-0.8389277,-0.3926705,0.3768426,左足首,,,,1,0,0,0,False,0,0,0,0,0,0,0,0,0
0.8397708,0.5087504,-1.117724,-0.6763,-0.07609978,-0.7326849,左足首,,,,1,0,0,0,False,0,0,0,0,0,0,0,0,0
0.7515333,1.177672,0.01627772,-0.9885893,0.0796878,0.1278318,左足首,,,,1,0,0,0,False,0,0,0,0,0,0,0,0,0
0.7422343,1.027772,0.04988551,-0.9886197,-0.08707875,0.1226723,左足首,,,,1,0,0,0,False,0,0,0,0,0,0,0,0,0
0.7314529,0.9895338,-0.1670527,-0.9851602,-0.1139828,0.1283254,左足首,,,,1,0,0,0,False,0,0,0,0,0,0,0,0,0
0.8330551,1.599798,0.0413112,-0.8862062,0.1611505,0.4343607,左ひざ,左足首,,,0.54,0.46,0,0,False,0,0,0,0,0,0,0,0,0
0.7568653,1.580345,-0.09914121,-0.9781733,0.09198921,0.18632,左ひざ,左足首,,,0.54,0.46,0,0,False,0,0,0,0,0,0,0,0,0
0.830315,1.87653,-0.01820227,-0.9234265,0.05366467,0.3800049,左ひざ,左足首,,,0.6,0.4,0,0,False,0,0,0,0,0,0,0,0,0
1.095175,0.4643581,-1.151856,-0.997777,0.03143982,-0.05875996,左足首,,,,1,0,0,0,False,0,0,0,0,0,0,0,0,0
1.107351,0.3708957,-1.127896,-0.8822413,-0.3572637,0.3066156,左足首,,,,1,0,0,0,False,0,0,0,0,0,0,0,0,0
1.09697,0.411893,-1.197405,-0.9939188,0.09198716,-0.0605287,左足首,,,,1,0,0,0,False,0,0,0,0,0,0,0,0,0
1.146912,0.3586391,-1.113778,-0.06838006,-0.7200909,0.6905022,左足首,,,,1,0,0,0,False,0,0,0,0,0,0,0,0,0
1.088467,0.3419942,-1.250737,-0.9831479,0.09050238,-0.1588379,左足首,,,,1,0,0,0,False,0,0,0,0,0,0,0,0,0
1.103192,0.3075571,-1.155326,-0.7697225,-0.3476082,0.5354398,左足首,,,,1,0,0,0,False,0,0,0,0,0,0,0,0,0
1.096032,0.2732963,-1.214297,-0.8974691,-0.4064249,0.171371,左足首,,,,1,0,0,0,False,0,0,0,0,0,0,0,0,0
1.221907,0.3564721,-0.9509987,0.3005425,-0.869713,-0.3915018,左足首,,,,1,0,0,0,False,0,0,0,0,0,0,0,0,0
1.202168,0.5082271,-1.042258,0.8030392,-0.1780861,-0.5686945,左足首,,,,1,0,0,0,False,0,0,0,0,0,0,0,0,0
1.186024,0.3701441,-1.023258,0.7354196,-0.6502736,-0.1905318,左足首,,,,1,0,0,0,False,0,0,0,0,0,0,0,0,0
1.233661,0.3867644,-0.9888147,-0.8860163,-0.3047407,0.34944,左足首,,,,1,0,0,0,False,0,0,0,0,0,0,0,0,0
1.271383,0.3858728,-0.9637708,-0.0961926,-0.8484187,0.520512,左足首,,,,1,0,0,0,False,0,0,0,0,0,0,0,0,0
1.337641,0.3575506,-1.020194,0.8769323,-0.4674717,0.1116249,左足首,,,,1,0,0,0,False,0,0,0,0,0,0,0,0,0
1.31131,0.3852388,-0.952257,0.3470726,-0.766461,0.5404426,左足首,,,,1,0,0,0,False,0,0,0,0,0,0,0,0,0
1.357665,0.411737,-0.9767767,0.9412732,-0.337632,0.003093592,左足首,,,,1,0,0,0,False,0,0,0,0,0,0,0,0,0
1.291226,0.3297028,-0.9816905,0.2502183,-0.6274573,0.7373521,左足首,,,,1,0,0,0,False,0,0,0,0,0,0,0,0,0
1.219732,0.358225,-1.019626,-0.8741757,-0.1218501,0.4700738,左足首,,,,1,0,0,0,False,0,0,0,0,0,0,0,0,0
1.248472,0.3344531,-0.9926828,-0.5060265,-0.431576,0.7467794,左足首,,,,1,0,0,0,False,0,0,0,0,0,0,0,0,0
1.30981,0.3061601,-1.052932,0.7612037,-0.646692,0.04856287,左足首,,,,1,0,0,0,False,0,0,0,0,0,0,0,0,0
1.263795,0.2715591,-1.086982,0.2532347,-0.9647218,-0.07200091,左足首,,,,1,0,0,0,False,0,0,0,0,0,0,0,0,0
1.275865,0.2877015,-1.025717,0.08625025,-0.85528,0.5109373,左足首,,,,1,0,0,0,False,0,0,0,0,0,0,0,0,0
1.30629,0.3311264,-1.095739,0.8404942,-0.313805,-0.4416967,左足首,,,,1,0,0,0,False,0,0,0,0,0,0,0,0,0
1.262325,0.2928232,-1.136304,0.3724486,-0.7487383,-0.5483366,左足首,,,,1,0,0,0,False,0,0,0,0,0,0,0,0,0
1.221387,0.2835379,-1.09452,-0.5318189,-0.8458546,0.0412131,左足首,,,,1,0,0,0,False,0,0,0,0,0,0,0,0,0
1.222086,0.2960136,-1.149346,-0.3137279,-0.7217582,-0.6169602,左足首,,,,1,0,0,0,False,0,0,0,0,0,0,0,0,0
1.229152,0.5049132,-1.031186,-0.7948372,0.06157129,-0.6036909,左足首,,,,1,0,0,0,False,0,0,0,0,0,0,0,0,0
1.218416,0.4587279,-1.031788,-0.9665685,0.2352888,0.101905,左足首,,,,1,0,0,0,False,0,0,0,0,0,0,0,0,0
1.349145,0.5419059,-0.8965972,0.8360081,0.455893,-0.3053722,左足首,,,,1,0,0,0,False,0,0,0,0,0,0,0,0,0
1.324836,0.526273,-0.9898398,0.7347011,0.5745404,-0.3607182,左足首,,,,1,0,0,0,False,0,0,0,0,0,0,0,0,0
1.349925,0.4941508,-0.9595023,0.9386486,0.256633,-0.2303878,左足首,,,,1,0,0,0,False,0,0,0,0,0,0,0,0,0
1.240966,0.6035469,-0.9532759,0.5042354,0.756163,-0.41709,左足首,,,,1,0,0,0,False,0,0,0,0,0,0,0,0,0
1.194951,0.5703604,-1.064012,0.6969329,0.5472909,-0.4634192,左足首,,,,1,0,0,0,False,0,0,0,0,0,0,0,0,0
1.259541,0.5559378,-1.022168,0.3919895,0.5770154,-0.7165177,左足首,,,,1,0,0,0,False,0,0,0,0,0,0,0,0,0
1.212646,0.4504229,-1.117004,0.9994403,-0.03252182,0.007845505,左足首,,,,1,0,0,0,False,0,0,0,0,0,0,0,0,0
1.251987,0.3986708,-1.140105,0.3748329,0.4195699,-0.8267172,左足首,,,,1,0,0,0,False,0,0,0,0,0,0,0,0,0
1.239666,0.4556902,-1.128351,-0.3487226,0.520326,-0.7795213,左足首,,,,1,0,0,0,False,0,0,0,0,0,0,0,0,0
1.145869,0.3763539,-1.276456,0.3009013,0.4950551,-0.8150944,左足首,,,,1,0,0,0,False,0,0,0,0,0,0,0,0,0
1.114784,0.4537344,-1.243693,-0.4764615,0.4855063,-0.7329857,左足首,,,,1,0,0,0,False,0,0,0,0,0,0,0,0,0
1.11298,0.3809602,-1.284,-0.7210355,0.3497139,-0.5981706,左足首,,,,1,0,0,0,False,0,0,0,0,0,0,0,0,0
1.118649,0.5179088,-1.192455,-0.338345,0.6351857,-0.6943068,左足首,,,,1,0,0,0,False,0,0,0,0,0,0,0,0,0
1.190737,0.4966885,-1.171353,0.7532222,0.4833828,-0.4460915,左足首,,,,1,0,0,0,False,0,0,0,0,0,0,0,0,0
1.12298,0.5851326,-1.105756,0.2397539,0.7437904,-0.6239343,左足首,,,,1,0,0,0,False,0,0,0,0,0,0,0,0,0
0.8337615,0.4214847,-1.158422,0.9680411,0.1530323,0.1986895,左足首,,,,1,0,0,0,False,0,0,0,0,0,0,0,0,0
1.26455,1.150105,0.2438582,0.9298472,0.2489213,0.2709653,左足首,,,,1,0,0,0,False,0,0,0,0,0,0,0,0,0
1.179298,1.256431,0.3455697,0.6459435,0.3998893,0.6502658,左足首,,,,1,0,0,0,False,0,0,0,0,0,0,0,0,0
1.227555,1.3005,0.2096282,0.9005378,0.2897383,0.3241656,左足首,,,,1,0,0,0,False,0,0,0,0,0,0,0,0,0
1.206902,1.4555,0.1486232,0.8358811,0.2503051,0.4885186,左足首,左ひざ,,,0.68,0.32,0,0,False,0,0,0,0,0,0,0,0,0
1.270957,1.200462,0.05815917,0.968317,0.1214156,0.2182213,左足首,,,,1,0,0,0,False,0,0,0,0,0,0,0,0,0
1.114908,0.3220309,-1.311818,-0.6816242,-0.03156072,-0.7310215,左足首,,,,1,0,0,0,False,0,0,0,0,0,0,0,0,0
1.11482,0.3275083,-1.312762,-0.3497916,0.3029758,-0.8864827,左足首,,,,1,0,0,0,False,0,0,0,0,0,0,0,0,0
0.933409,0.3678393,-1.109714,0.470841,-0.8254644,-0.3113156,左足首,,,,1,0,0,0,False,0,0,0,0,0,0,0,0,0
0.7766076,1.854815,-0.1509222,-0.9963706,0.07990207,-0.02934961,左ひざ,左足首,,,0.6,0.4,0,0,False,0,0,0,0,0,0,0,0,0
-0.8855544,0.3029318,-1.410819,0.6739754,0.02900138,-0.7381843,右足首,,,,1,0,0,0,False,0,0,0,0,0,0,0,0,0
-0.8730562,0.3528906,-1.357042,0.822269,0.2985843,-0.4844804,右足首,,,,1,0,0,0,False,0,0,0,0,0,0,0,0,0
-0.8848925,0.3086632,-1.409903,0.5834975,0.418229,-0.6961431,右足首,,,,1,0,0,0,False,0,0,0,0,0,0,0,0,0
-0.9589415,0.3619587,-1.364023,-0.7706376,0.3405721,-0.5386357,右足首,,,,1,0,0,0,False,0,0,0,0,0,0,0,0,0
-0.953182,0.3011948,-1.409057,-0.7508197,-0.01270477,-0.660385,右足首,,,,1,0,0,0,False,0,0,0,0,0,0,0,0,0
-0.9535078,0.3075132,-1.408602,-0.5397198,0.368771,-0.7567765,右足首,,,,1,0,0,0,False,0,0,0,0,0,0,0,0,0
-0.8102582,0.3891859,-1.325923,-0.3754955,0.6974165,-0.6104206,右足首,,,,1,0,0,0,False,0,0,0,0,0,0,0,0,0
-0.826014,0.3350418,-1.399514,-0.7012556,0.4899983,-0.5178245,右足首,,,,1,0,0,0,False,0,0,0,0,0,0,0,0,0
-0.8253984,0.3411062,-1.397202,-0.660089,0.6195939,-0.4247188,右足首,,,,1,0,0,0,False,0,0,0,0,0,0,0,0,0
-0.7126328,0.3307637,-1.415126,0.7086472,0.4774169,-0.5195116,右足首,,,,1,0,0,0,False,0,0,0,0,0,0,0,0,0
-0.7137552,0.326151,-1.417857,0.6715707,0.2464249,-0.6987615,右足首,,,,1,0,0,0,False,0,0,0,0,0,0,0,0,0
-0.6927025,0.3553977,-1.329979,0.6829407,0.4773934,-0.5528901,右足首,,,,1,0,0,0,False,0,0,0,0,0,0,0,0,0
-0.6828866,3.756489,0.2457854,0.8034855,-0.1517035,0.5756711,右ひざ,,,,1,0,0,0,False,0,0,0,0,0,0,0,0,0
-0.6346673,4.324496,0.3044614,0.7623972,-0.1130587,0.6371565,右ひざ,,,,1,0,0,0,False,0,0,0,0,0,0,0,0,0
-0.5612354,4.315995,0.1604828,0.9555868,-0.1308901,0.2640487,右ひざ,,,,1,0,0,0,False,0,0,0,0,0,0,0,0,0
-0.9924038,1.432338,0.2950623,0.3403134,0.4362929,0.8329678,右足首,右ひざ,,,0.68,0.32,0,0,False,0,0,0,0,0,0,0,0,0
-1.046653,1.437018,0.293431,-0.2097499,0.4455967,0.8703151,右足首,右ひざ,,,0.68,0.32,0,0,False,0,0,0,0,0,0,0,0,0
-0.9996182,1.637266,0.2234498,0.1797589,0.3152193,0.9318388,右ひざ,右足首,,,0.54,0.46,0,0,False,0,0,0,0,0,0,0,0,0
-1.223287,1.906342,0.02929171,-0.7654645,-0.04489031,0.6419105,右ひざ,右足首,,,0.6,0.4,0,0,False,0,0,0,0,0,0,0,0,0
-1.184789,1.621375,0.08957971,-0.7216201,0.1753395,0.6697167,右ひざ,右足首,,,0.54,0.46,0,0,False,0,0,0,0,0,0,0,0,0
-1.252063,1.621308,0.02919449,-0.7622468,0.1395305,0.6320689,右ひざ,右足首,,,0.54,0.46,0,0,False,0,0,0,0,0,0,0,0,0
-1.187029,1.379756,-0.3686263,-0.7979178,0.1197542,-0.5907505,右足首,,,,1,0,0,0,False,0,0,0,0,0,0,0,0,0
-1.245335,1.41693,-0.2689491,-0.8392855,-0.009492661,-0.5436082,右足首,,,,1,0,0,0,False,0,0,0,0,0,0,0,0,0
-1.251906,1.288435,-0.2750459,-0.9061734,0.04954921,-0.4199936,右足首,,,,1,0,0,0,False,0,0,0,0,0,0,0,0,0
-1.329515,1.451435,-0.1611367,-0.8070942,-0.03503029,-0.5893826,右足首,,,,1,0,0,0,False,0,0,0,0,0,0,0,0,0
-1.32688,1.337586,-0.1451481,-0.8539721,-0.1086996,-0.5088379,右足首,,,,1,0,0,0,False,0,0,0,0,0,0,0,0,0
-1.25838,1.590741,-0.259596,-0.850184,-0.02864817,-0.5257057,右足首,右ひざ,,,0.68,0.32,0,0,False,0,0,0,0,0,0,0,0,0
-1.206892,1.592586,-0.3459994,-0.7495596,-0.03636686,-0.6609371,右足首,右ひざ,,,0.68,0.32,0,0,False,0,0,0,0,0,0,0,0,0
-1.240862,1.848569,-0.330938,-0.8229116,-0.08647077,-0.5615509,右ひざ,右足首,,,0.6,0.4,0,0,False,0,0,0,0,0,0,0,0,0
-1.008338,0.3223048,-1.389247,0.6829095,-0.1017347,-0.7233843,右足首,,,,1,0,0,0,False,0,0,0,0,0,0,0,0,0
-1.000307,0.3737862,-1.363376,0.7331174,0.300514,-0.6101068,右足首,,,,1,0,0,0,False,0,0,0,0,0,0,0,0,0
-1.008039,0.3274523,-1.390216,0.502112,0.2643735,-0.8234016,右足首,,,,1,0,0,0,False,0,0,0,0,0,0,0,0,0
-1.080953,0.368242,-1.356984,-0.8321501,0.2313141,-0.504004,右足首,,,,1,0,0,0,False,0,0,0,0,0,0,0,0,0
-1.068573,0.317126,-1.382891,-0.7949564,-0.1664653,-0.5833811,右足首,,,,1,0,0,0,False,0,0,0,0,0,0,0,0,0
-1.06907,0.3222535,-1.383848,-0.6282628,0.1353038,-0.7661455,右足首,,,,1,0,0,0,False,0,0,0,0,0,0,0,0,0
-1.280286,0.3752045,-1.134124,-0.7392405,0.07098643,-0.6696898,右足首,,,,1,0,0,0,False,0,0,0,0,0,0,0,0,0
-1.258369,0.3389913,-1.161818,-0.6391639,-0.3017949,-0.7073821,右足首,,,,1,0,0,0,False,0,0,0,0,0,0,0,0,0
-1.259451,0.3438867,-1.162294,-0.6923719,0.04476317,-0.720151,右足首,,,,1,0,0,0,False,0,0,0,0,0,0,0,0,0
-1.178106,0.3621752,-1.269209,-0.824335,0.2018145,-0.5289071,右足首,,,,1,0,0,0,False,0,0,0,0,0,0,0,0,0
-1.167704,0.3134362,-1.300204,-0.7774462,-0.1016067,-0.620688,右足首,,,,1,0,0,0,False,0,0,0,0,0,0,0,0,0
-1.168118,0.3185571,-1.300897,-0.6882254,0.145454,-0.7107665,右足首,,,,1,0,0,0,False,0,0,0,0,0,0,0,0,0
-1.212154,0.3669888,-1.168836,0.7998492,0.09782331,-0.5921756,右足首,,,,1,0,0,0,False,0,0,0,0,0,0,0,0,0
-1.222158,0.4051397,-1.142865,0.6751677,0.4783259,-0.561563,右足首,,,,1,0,0,0,False,0,0,0,0,0,0,0,0,0
-1.212638,0.3719853,-1.169402,0.4085207,0.470304,-0.7822564,右足首,,,,1,0,0,0,False,0,0,0,0,0,0,0,0,0
-0.6892143,0.5509953,-1.129071,0.58351,0.6459022,-0.4922667,右足首,,,,1,0,0,0,False,0,0,0,0,0,0,0,0,0
-0.7009134,0.6341991,-1.019744,0.4693297,0.713868,-0.5197328,右足首,,,,1,0,0,0,False,0,0,0,0,0,0,0,0,0
-0.7549209,0.5740917,-1.134147,0.203131,0.7889462,-0.5799152,右足首,,,,1,0,0,0,False,0,0,0,0,0,0,0,0,0
-0.8037059,0.5799167,-1.132411,-0.1720747,0.5131924,-0.8408471,右足首,,,,1,0,0,0,False,0,0,0,0,0,0,0,0,0
-0.8171902,0.6607471,-1.031524,0.1183221,0.7734674,-0.6226943,右足首,,,,1,0,0,0,False,0,0,0,0,0,0,0,0,0
-0.8584954,0.5889339,-1.134624,0.2595687,0.6632749,-0.7019191,右足首,,,,1,0,0,0,False,0,0,0,0,0,0,0,0,0
-0.7044081,0.3094554,-1.416075,0.6894237,0.02703913,-0.7238535,右足首,,,,1,0,0,0,False,0,0,0,0,0,0,0,0,0
-0.706139,0.2455896,-1.374835,0.6895537,-0.5216253,-0.502417,右足首,,,,1,0,0,0,False,0,0,0,0,0,0,0,0,0
-0.6647617,0.3469336,-1.32025,0.8403748,0.2163531,-0.4969524,右足首,,,,1,0,0,0,False,0,0,0,0,0,0,0,0,0
-0.6633471,0.2721644,-1.304688,0.8558742,-0.4668686,-0.2225155,右足首,,,,1,0,0,0,False,0,0,0,0,0,0,0,0,0
-0.6321625,0.5767609,-0.9818353,0.82329,0.4170309,-0.3850697,右足首,,,,1,0,0,0,False,0,0,0,0,0,0,0,0,0
-0.6453855,0.716358,-0.8294733,0.7450964,0.5579488,-0.3654101,右足首,,,,1,0,0,0,False,0,0,0,0,0,0,0,0,0
-0.7256719,1.1112,-0.4622993,0.9293491,0.2898592,-0.2286748,右足首,,,,1,0,0,0,False,0,0,0,0,0,0,0,0,0
-0.8267063,1.399502,-0.4382719,0.7063424,0.3362841,-0.6228912,右足首,,,,1,0,0,0,False,0,0,0,0,0,0,0,0,0
-0.8054271,1.184306,-0.5760767,0.5214706,0.5005776,-0.6910068,右足首,,,,1,0,0,0,False,0,0,0,0,0,0,0,0,0
-0.695752,0.9177837,-0.3954813,0.9803675,-0.01138725,0.19685,右足首,,,,1,0,0,0,False,0,0,0,0,0,0,0,0,0
-0.7248026,1.121261,-0.2546274,0.9953634,0.08529893,0.04445037,右足首,,,,1,0,0,0,False,0,0,0,0,0,0,0,0,0
-0.7481657,1.347704,-0.1316977,0.9956334,0.08890298,0.02846752,右足首,,,,1,0,0,0,False,0,0,0,0,0,0,0,0,0
-0.755215,1.35501,-0.3039905,0.9664887,0.1901487,-0.1724618,右足首,,,,1,0,0,0,False,0,0,0,0,0,0,0,0,0
-1.343834,0.8386412,-0.3707875,-0.9451445,0.2892695,-0.1517402,右足首,,,,1,0,0,0,False,0,0,0,0,0,0,0,0,0
-1.347795,0.7368566,-0.5703984,-0.883508,0.414006,-0.2191181,右足首,,,,1,0,0,0,False,0,0,0,0,0,0,0,0,0
-1.232109,0.8995756,-0.6078418,-0.7264341,0.4868453,-0.4850517,右足首,,,,1,0,0,0,False,0,0,0,0,0,0,0,0,0
-0.9555258,0.6680583,-1.025711,-0.07756356,0.8113014,-0.5794601,右足首,,,,1,0,0,0,False,0,0,0,0,0,0,0,0,0
-0.9950922,0.5953726,-1.140934,0.2271752,0.7313205,-0.6430877,右足首,,,,1,0,0,0,False,0,0,0,0,0,0,0,0,0
-0.9379106,0.5939574,-1.136689,-0.2651998,0.7486239,-0.6076441,右足首,,,,1,0,0,0,False,0,0,0,0,0,0,0,0,0
-0.963443,0.5223026,-1.162946,0.3188038,0.1514954,-0.9356353,右足首,,,,1,0,0,0,False,0,0,0,0,0,0,0,0,0
-0.9708799,0.4652081,-1.216219,-0.9931145,0.1168749,0.007997518,右足首,,,,1,0,0,0,False,0,0,0,0,0,0,0,0,0
-1.000511,0.5218496,-1.258871,0.4291222,0.6705081,-0.6052049,右足首,,,,1,0,0,0,False,0,0,0,0,0,0,0,0,0
-0.9782914,0.4805633,-1.224601,0.9539729,0.1754984,-0.2431793,右足首,,,,1,0,0,0,False,0,0,0,0,0,0,0,0,0
-0.9537042,0.510142,-1.257792,-0.4950542,0.654968,-0.5709102,右足首,,,,1,0,0,0,False,0,0,0,0,0,0,0,0,0
-1.041182,0.3795062,-1.358506,-0.1392869,0.5690212,-0.8104407,右足首,,,,1,0,0,0,False,0,0,0,0,0,0,0,0,0
-1.081854,0.4263146,-1.307714,-0.708657,0.4681647,-0.5278513,右足首,,,,1,0,0,0,False,0,0,0,0,0,0,0,0,0
-0.8747471,0.4448743,-1.317262,0.5247616,0.4603623,-0.7160251,右足首,,,,1,0,0,0,False,0,0,0,0,0,0,0,0,0
-0.9163946,0.3681974,-1.360028,0.05829888,0.6162354,-0.7854013,右足首,,,,1,0,0,0,False,0,0,0,0,0,0,0,0,0
-0.8474209,0.3277326,-1.268823,0.9997603,0.01120428,0.01881398,右足首,,,,1,0,0,0,False,0,0,0,0,0,0,0,0,0
-0.849739,0.2781845,-1.338723,0.9753194,-0.06729232,-0.2102943,右足首,,,,1,0,0,0,False,0,0,0,0,0,0,0,0,0
-0.8504122,0.4474394,-1.22971,0.9965814,-0.006537249,-0.08235828,右足首,,,,1,0,0,0,False,0,0,0,0,0,0,0,0,0
-0.8708736,0.5114425,-1.259931,0.5991229,0.6019636,-0.5279124,右足首,,,,1,0,0,0,False,0,0,0,0,0,0,0,0,0
-0.9323304,0.7222306,0.3724429,0.4024301,-0.7687124,0.497123,右足首,,,,1,0,0,0,False,0,0,0,0,0,0,0,0,0
-0.967372,0.85579,0.4918636,0.2276127,-0.3481089,0.9094023,右足首,,,,1,0,0,0,False,0,0,0,0,0,0,0,0,0
-0.8508046,0.8695568,0.4299473,0.72675,-0.2288357,0.647664,右足首,,,,1,0,0,0,False,0,0,0,0,0,0,0,0,0
-1.053376,0.7150564,0.3940446,-0.02643736,-0.820915,0.5704381,右足首,,,,1,0,0,0,False,0,0,0,0,0,0,0,0,0
-1.141682,0.6419867,0.1585974,-0.1933864,-0.952212,0.2364191,右足首,,,,1,0,0,0,False,0,0,0,0,0,0,0,0,0
-1.180601,0.7417603,0.368928,-0.4686927,-0.6679004,0.5781317,右足首,,,,1,0,0,0,False,0,0,0,0,0,0,0,0,0
-1.207085,0.8797506,0.4412916,-0.6708891,-0.1349672,0.7291719,右足首,,,,1,0,0,0,False,0,0,0,0,0,0,0,0,0
-1.267934,0.7809788,0.2942117,-0.8110473,-0.4430558,0.3819737,右足首,,,,1,0,0,0,False,0,0,0,0,0,0,0,0,0
-0.9503083,0.4647863,-0.5150219,0.1393837,-0.8647955,0.482391,右足首,,,,1,0,0,0,False,0,0,0,0,0,0,0,0,0
-0.8760764,0.3851731,-0.732599,0.04305664,-0.9344875,0.3533829,右足首,,,,1,0,0,0,False,0,0,0,0,0,0,0,0,0
-1.057578,0.387228,-0.7241984,0.001234245,-0.9471326,0.32084,右足首,,,,1,0,0,0,False,0,0,0,0,0,0,0,0,0
-0.8567794,0.3300861,-0.8995219,0.00254773,-0.9780801,0.2082133,右足首,,,,1,0,0,0,False,0,0,0,0,0,0,0,0,0
-0.9747815,0.3314987,-0.8938004,-0.01450769,-0.9758058,0.2181578,右足首,,,,1,0,0,0,False,0,0,0,0,0,0,0,0,0
-0.7897825,0.3316841,-1.052481,-0.3289734,-0.8954933,-0.2997803,右足首,,,,1,0,0,0,False,0,0,0,0,0,0,0,0,0
-0.8234168,0.5029294,-1.115085,-0.7961005,-0.08267277,-0.5994908,右足首,,,,1,0,0,0,False,0,0,0,0,0,0,0,0,0
-0.8646972,0.3534949,-1.098907,0.4251925,-0.7571353,-0.4959409,右足首,,,,1,0,0,0,False,0,0,0,0,0,0,0,0,0
-0.8042226,0.3334677,-1.096985,-0.7862406,-0.3727868,0.492804,右足首,,,,1,0,0,0,False,0,0,0,0,0,0,0,0,0
-0.8522471,0.2363099,-1.267975,-0.830311,-0.5546415,0.05437501,右足首,,,,1,0,0,0,False,0,0,0,0,0,0,0,0,0
-0.7898386,0.2097909,-1.258949,-0.2112006,-0.9576904,0.195508,右足首,,,,1,0,0,0,False,0,0,0,0,0,0,0,0,0
-0.8018966,0.214528,-1.325059,-0.3341583,-0.899734,-0.2807434,右足首,,,,1,0,0,0,False,0,0,0,0,0,0,0,0,0
-0.7564554,0.243193,-1.396051,0.02922642,-0.7073267,-0.7062823,右足首,,,,1,0,0,0,False,0,0,0,0,0,0,0,0,0
-0.7354718,0.2098848,-1.335668,0.2624217,-0.9321964,-0.2492888,右足首,,,,1,0,0,0,False,0,0,0,0,0,0,0,0,0
-0.8092242,0.2515406,-1.3877,-0.4790669,-0.5995542,-0.641116,右足首,,,,1,0,0,0,False,0,0,0,0,0,0,0,0,0
-0.8469959,0.2625338,-1.361065,-0.8253234,-0.4290175,-0.3671312,右足首,,,,1,0,0,0,False,0,0,0,0,0,0,0,0,0
-1.091096,0.5253775,-1.133746,-0.627565,0.2127489,-0.7489327,右足首,,,,1,0,0,0,False,0,0,0,0,0,0,0,0,0
-1.128782,0.3580616,-1.052744,0.1356275,-0.9667603,-0.2167481,右足首,,,,1,0,0,0,False,0,0,0,0,0,0,0,0,0
-1.057605,0.3538393,-1.081703,-0.3223842,-0.8603306,-0.3948416,右足首,,,,1,0,0,0,False,0,0,0,0,0,0,0,0,0
-0.9890675,0.3794445,-1.169537,0.9306307,-0.338686,0.1386303,右足首,,,,1,0,0,0,False,0,0,0,0,0,0,0,0,0
-1.0325,0.3630916,-1.155519,0.172771,-0.86545,0.4702623,右足首,,,,1,0,0,0,False,0,0,0,0,0,0,0,0,0
-0.9912488,0.3671653,-1.104019,0.2678827,-0.840905,-0.4702315,右足首,,,,1,0,0,0,False,0,0,0,0,0,0,0,0,0
-1.070464,0.2348278,-1.315081,-0.6623409,-0.7333828,-0.1531477,右足首,,,,1,0,0,0,False,0,0,0,0,0,0,0,0,0
-1.094107,0.2551934,-1.253461,-0.7780072,-0.5945912,0.2028945,右足首,,,,1,0,0,0,False,0,0,0,0,0,0,0,0,0
-1.038032,0.2423989,-1.234835,0.04380516,-0.855997,0.5151215,右足首,,,,1,0,0,0,False,0,0,0,0,0,0,0,0,0
-1.032798,0.2141389,-1.318288,0.05907001,-0.9919596,-0.1119241,右足首,,,,1,0,0,0,False,0,0,0,0,0,0,0,0,0
-0.8729817,0.358365,-1.19701,0.8389277,-0.3926705,0.3768426,右足首,,,,1,0,0,0,False,0,0,0,0,0,0,0,0,0
-0.913069,0.3496655,-1.187536,-0.1119235,-0.6851809,0.7197223,右足首,,,,1,0,0,0,False,0,0,0,0,0,0,0,0,0
-0.8397708,0.5087504,-1.117724,0.6763,-0.07609978,-0.7326849,右足首,,,,1,0,0,0,False,0,0,0,0,0,0,0,0,0
-0.7515333,1.177672,0.01627772,0.9885893,0.0796878,0.1278318,右足首,,,,1,0,0,0,False,0,0,0,0,0,0,0,0,0
-0.7314529,0.9895338,-0.1670527,0.9851602,-0.1139828,0.1283254,右足首,,,,1,0,0,0,False,0,0,0,0,0,0,0,0,0
-0.7422343,1.027772,0.04988551,0.9886197,-0.08707875,0.1226723,右足首,,,,1,0,0,0,False,0,0,0,0,0,0,0,0,0
-0.8330551,1.599798,0.0413112,0.8862062,0.1611505,0.4343607,右ひざ,右足首,,,0.54,0.46,0,0,False,0,0,0,0,0,0,0,0,0
-0.830315,1.87653,-0.01820227,0.9234264,0.05366468,0.3800049,右ひざ,右足首,,,0.6,0.4,0,0,False,0,0,0,0,0,0,0,0,0
-0.7568653,1.580345,-0.09914121,0.9781733,0.0919892,0.18632,右ひざ,右足首,,,0.54,0.46,0,0,False,0,0,0,0,0,0,0,0,0
-1.095175,0.4643581,-1.151856,0.997777,0.03143982,-0.05875996,右足首,,,,1,0,0,0,False,0,0,0,0,0,0,0,0,0
-1.09697,0.411893,-1.197405,0.9939188,0.09198716,-0.0605287,右足首,,,,1,0,0,0,False,0,0,0,0,0,0,0,0,0
-1.107351,0.3708957,-1.127896,0.8822413,-0.3572637,0.3066156,右足首,,,,1,0,0,0,False,0,0,0,0,0,0,0,0,0
-1.146912,0.3586391,-1.113778,0.06838006,-0.7200909,0.6905022,右足首,,,,1,0,0,0,False,0,0,0,0,0,0,0,0,0
-1.088467,0.3419942,-1.250737,0.9831479,0.09050238,-0.1588379,右足首,,,,1,0,0,0,False,0,0,0,0,0,0,0,0,0
-1.096032,0.2732963,-1.214297,0.8974691,-0.4064249,0.171371,右足首,,,,1,0,0,0,False,0,0,0,0,0,0,0,0,0
-1.103192,0.3075571,-1.155326,0.7697225,-0.3476082,0.5354398,右足首,,,,1,0,0,0,False,0,0,0,0,0,0,0,0,0
-1.221907,0.3564721,-0.9509987,-0.3005425,-0.869713,-0.3915018,右足首,,,,1,0,0,0,False,0,0,0,0,0,0,0,0,0
-1.186024,0.3701441,-1.023258,-0.7354196,-0.6502736,-0.1905318,右足首,,,,1,0,0,0,False,0,0,0,0,0,0,0,0,0
-1.202168,0.5082271,-1.042258,-0.8030392,-0.1780861,-0.5686945,右足首,,,,1,0,0,0,False,0,0,0,0,0,0,0,0,0
-1.233661,0.3867644,-0.9888147,0.8860163,-0.3047407,0.34944,右足首,,,,1,0,0,0,False,0,0,0,0,0,0,0,0,0
-1.271383,0.3858728,-0.9637708,0.0961926,-0.8484187,0.520512,右足首,,,,1,0,0,0,False,0,0,0,0,0,0,0,0,0
-1.337641,0.3575506,-1.020194,-0.8769323,-0.4674717,0.1116249,右足首,,,,1,0,0,0,False,0,0,0,0,0,0,0,0,0
-1.357665,0.411737,-0.9767767,-0.9412732,-0.337632,0.003093592,右足首,,,,1,0,0,0,False,0,0,0,0,0,0,0,0,0
-1.31131,0.3852388,-0.952257,-0.3470726,-0.766461,0.5404426,右足首,,,,1,0,0,0,False,0,0,0,0,0,0,0,0,0
-1.291226,0.3297028,-0.9816905,-0.2502183,-0.6274573,0.7373521,右足首,,,,1,0,0,0,False,0,0,0,0,0,0,0,0,0
-1.219732,0.358225,-1.019626,0.8741757,-0.1218501,0.4700738,右足首,,,,1,0,0,0,False,0,0,0,0,0,0,0,0,0
-1.248472,0.3344531,-0.9926828,0.5060265,-0.431576,0.7467794,右足首,,,,1,0,0,0,False,0,0,0,0,0,0,0,0,0
-1.30981,0.3061601,-1.052932,-0.7612037,-0.646692,0.04856287,右足首,,,,1,0,0,0,False,0,0,0,0,0,0,0,0,0
-1.275865,0.2877015,-1.025717,-0.08625025,-0.85528,0.5109373,右足首,,,,1,0,0,0,False,0,0,0,0,0,0,0,0,0
-1.263795,0.2715591,-1.086982,-0.2532347,-0.9647218,-0.07200091,右足首,,,,1,0,0,0,False,0,0,0,0,0,0,0,0,0
-1.30629,0.3311264,-1.095739,-0.8404942,-0.313805,-0.4416967,右足首,,,,1,0,0,0,False,0,0,0,0,0,0,0,0,0
-1.262325,0.2928232,-1.136304,-0.3724486,-0.7487383,-0.5483366,右足首,,,,1,0,0,0,False,0,0,0,0,0,0,0,0,0
-1.221387,0.2835379,-1.09452,0.5318189,-0.8458546,0.0412131,右足首,,,,1,0,0,0,False,0,0,0,0,0,0,0,0,0
-1.222086,0.2960136,-1.149346,0.3137279,-0.7217582,-0.6169602,右足首,,,,1,0,0,0,False,0,0,0,0,0,0,0,0,0
-1.229152,0.5049132,-1.031186,0.7948372,0.06157129,-0.6036909,右足首,,,,1,0,0,0,False,0,0,0,0,0,0,0,0,0
-1.218416,0.4587279,-1.031788,0.9665685,0.2352888,0.101905,右足首,,,,1,0,0,0,False,0,0,0,0,0,0,0,0,0
-1.349145,0.5419059,-0.8965972,-0.8360081,0.455893,-0.3053723,右足首,,,,1,0,0,0,False,0,0,0,0,0,0,0,0,0
-1.349925,0.4941508,-0.9595023,-0.9386486,0.256633,-0.2303878,右足首,,,,1,0,0,0,False,0,0,0,0,0,0,0,0,0
-1.324836,0.526273,-0.9898398,-0.7347011,0.5745404,-0.3607182,右足首,,,,1,0,0,0,False,0,0,0,0,0,0,0,0,0
-1.240966,0.6035469,-0.9532759,-0.5042354,0.756163,-0.41709,右足首,,,,1,0,0,0,False,0,0,0,0,0,0,0,0,0
-1.259541,0.5559378,-1.022168,-0.3919895,0.5770154,-0.7165177,右足首,,,,1,0,0,0,False,0,0,0,0,0,0,0,0,0
-1.194951,0.5703604,-1.064012,-0.6969329,0.5472909,-0.4634192,右足首,,,,1,0,0,0,False,0,0,0,0,0,0,0,0,0
-1.212646,0.4504229,-1.117004,-0.9994403,-0.03252182,0.007845505,右足首,,,,1,0,0,0,False,0,0,0,0,0,0,0,0,0
-1.239666,0.4556902,-1.128351,0.3487226,0.520326,-0.7795213,右足首,,,,1,0,0,0,False,0,0,0,0,0,0,0,0,0
-1.251987,0.3986708,-1.140105,-0.3748329,0.4195699,-0.8267172,右足首,,,,1,0,0,0,False,0,0,0,0,0,0,0,0,0
-1.145869,0.3763539,-1.276456,-0.3009014,0.4950552,-0.8150944,右足首,,,,1,0,0,0,False,0,0,0,0,0,0,0,0,0
-1.11298,0.3809602,-1.284,0.7210355,0.3497139,-0.5981706,右足首,,,,1,0,0,0,False,0,0,0,0,0,0,0,0,0
-1.114784,0.4537344,-1.243693,0.4764615,0.4855063,-0.7329857,右足首,,,,1,0,0,0,False,0,0,0,0,0,0,0,0,0
-1.118649,0.5179088,-1.192455,0.338345,0.6351857,-0.6943068,右足首,,,,1,0,0,0,False,0,0,0,0,0,0,0,0,0
-1.12298,0.5851326,-1.105756,-0.2397539,0.7437904,-0.6239343,右足首,,,,1,0,0,0,False,0,0,0,0,0,0,0,0,0
-1.190737,0.4966885,-1.171353,-0.7532222,0.4833828,-0.4460915,右足首,,,,1,0,0,0,False,0,0,0,0,0,0,0,0,0
-0.8337615,0.4214847,-1.158422,-0.9680411,0.1530323,0.1986895,右足首,,,,1,0,0,0,False,0,0,0,0,0,0,0,0,0
-1.26455,1.150105,0.2438582,-0.9298472,0.2489213,0.2709653,右足首,,,,1,0,0,0,False,0,0,0,0,0,0,0,0,0
-1.227555,1.3005,0.2096282,-0.9005378,0.2897383,0.3241656,右足首,,,,1,0,0,0,False,0,0,0,0,0,0,0,0,0
-1.179298,1.256431,0.3455697,-0.6459435,0.3998893,0.6502658,右足首,,,,1,0,0,0,False,0,0,0,0,0,0,0,0,0
-1.270957,1.200462,0.05815917,-0.968317,0.1214156,0.2182213,右足首,,,,1,0,0,0,False,0,0,0,0,0,0,0,0,0
-1.206902,1.4555,0.1486232,-0.8358811,0.2503051,0.4885186,右足首,右ひざ,,,0.68,0.32,0,0,False,0,0,0,0,0,0,0,0,0
-1.114908,0.3220309,-1.311818,0.6816242,-0.03156072,-0.7310215,右足首,,,,1,0,0,0,False,0,0,0,0,0,0,0,0,0
-1.11482,0.3275083,-1.312762,0.3497916,0.3029758,-0.8864827,右足首,,,,1,0,0,0,False,0,0,0,0,0,0,0,0,0
-0.933409,0.3678393,-1.109714,-0.470841,-0.8254644,-0.3113156,右足首,,,,1,0,0,0,False,0,0,0,0,0,0,0,0,0
-0.7766076,1.854815,-0.1509222,0.9963706,0.07990207,-0.02934961,右ひざ,右足首,,,0.6,0.4,0,0,False,0,0,0,0,0,0,0,0,0
0.6590317,3.752157,0.2611219,-0.8037385,-0.1515688,0.5753531,左ひざ,,,,1,0,0,0,False,0,0,0,0,0,0,0,0,0
0.5347878,4.312538,0.1686168,-0.9552241,-0.1306271,0.2654873,左ひざ,,,,1,0,0,0,False,0,0,0,0,0,0,0,0,0
0.6134338,4.321486,0.3222989,-0.7622226,-0.1128224,0.6374071,左ひざ,,,,1,0,0,0,False,0,0,0,0,0,0,0,0,0
1.281534,1.59144,-0.2741818,0.854481,-0.03544876,-0.5182717,左足首,左ひざ,,,0.68,0.32,0,0,False,0,0,0,0,0,0,0,0,0
1.263603,1.846497,-0.34657,0.8219501,-0.08732124,-0.562826,左ひざ,左足首,,,0.6,0.4,0,0,False,0,0,0,0,0,0,0,0,0
1.228218,1.592971,-0.3636513,0.7497188,-0.03713987,-0.6607135,左足首,左ひざ,,,0.68,0.32,0,0,False,0,0,0,0,0,0,0,0,0
1.208934,1.384386,-0.3853436,0.7981151,0.1196908,-0.5904967,左足首,,,,1,0,0,0,False,0,0,0,0,0,0,0,0,0
1.277243,1.289598,-0.286152,0.90605,0.04883796,-0.420343,左足首,,,,1,0,0,0,False,0,0,0,0,0,0,0,0,0
1.268448,1.417207,-0.2837646,0.8469794,-0.001579084,-0.5316232,左足首,,,,1,0,0,0,False,0,0,0,0,0,0,0,0,0
1.290345,1.156947,0.2514408,0.9297179,0.2488213,0.2715008,左足首,,,,1,0,0,0,False,0,0,0,0,0,0,0,0,0
1.198306,1.266906,0.3644261,0.6456857,0.4009798,0.6498502,左足首,,,,1,0,0,0,False,0,0,0,0,0,0,0,0,0
1.252994,1.308339,0.2175708,0.8996363,0.2917229,0.3248881,左足首,,,,1,0,0,0,False,0,0,0,0,0,0,0,0,0
1.230118,1.462441,0.1620903,0.7982664,0.2452971,0.550091,左足首,左ひざ,,,0.68,0.32,0,0,False,0,0,0,0,0,0,0,0,0
1.298184,1.203923,0.06299553,0.9652914,0.1039983,0.2395768,左足首,,,,1,0,0,0,False,0,0,0,0,0,0,0,0,0
1.244442,1.904877,0.04703725,0.7646869,-0.04581413,0.6427715,左ひざ,左足首,,,0.6,0.4,0,0,False,0,0,0,0,0,0,0,0,0
1.272497,1.625013,0.04702842,0.7689299,0.1734013,0.6153689,左ひざ,左足首,,,0.54,0.46,0,0,False,0,0,0,0,0,0,0,0,0
1.20475,1.626425,0.1075823,0.6914347,0.20185,0.6936676,左ひざ,左足首,,,0.54,0.46,0,0,False,0,0,0,0,0,0,0,0,0
0.8086312,1.602182,0.05326685,-0.8778505,0.1461757,0.4560825,左ひざ,左足首,,,0.54,0.46,0,0,False,0,0,0,0,0,0,0,0,0
0.7289192,1.581583,-0.09543507,-0.9255543,0.09870775,0.3655215,左ひざ,左足首,,,0.54,0.46,0,0,False,0,0,0,0,0,0,0,0,0
0.8050792,1.878109,-0.007640124,-0.8826939,0.04596991,0.4676948,左ひざ,左足首,,,0.6,0.4,0,0,False,0,0,0,0,0,0,0,0,0
0.7244644,1.180006,0.02031999,-0.988571,0.07984296,0.1278771,左足首,,,,1,0,0,0,False,0,0,0,0,0,0,0,0,0
0.7146957,1.025796,0.05284678,-0.9886758,-0.08629777,0.1227716,左足首,,,,1,0,0,0,False,0,0,0,0,0,0,0,0,0
0.7040101,0.9856254,-0.1635249,-0.9851958,-0.1116047,0.1301298,左足首,,,,1,0,0,0,False,0,0,0,0,0,0,0,0,0
0.667969,0.9172727,-0.385479,-0.9190375,-0.2187263,0.327916,左足首,,,,1,0,0,0,False,0,0,0,0,0,0,0,0,0
0.6973747,1.124403,-0.2545625,-0.9932325,0.03945217,0.1092372,左足首,,,,1,0,0,0,False,0,0,0,0,0,0,0,0,0
1.371957,0.5562881,-0.9058264,0.68382,0.6248278,-0.3768028,左足首,,,,1,0,0,0,False,0,0,0,0,0,0,0,0,0
1.34519,0.542749,-1.000417,0.7350597,0.5718728,-0.3642099,左足首,,,,1,0,0,0,False,0,0,0,0,0,0,0,0,0
1.375483,0.5018715,-0.9664856,0.8686724,0.3857862,-0.3107689,左足首,,,,1,0,0,0,False,0,0,0,0,0,0,0,0,0
1.202784,0.4217052,-1.164793,-0.7293143,0.4022415,-0.553446,左足首,,,,1,0,0,0,False,0,0,0,0,0,0,0,0,0
1.262098,0.4101785,-1.164197,0.3308205,0.2372984,-0.9133713,左足首,,,,1,0,0,0,False,0,0,0,0,0,0,0,0,0
1.230249,0.477251,-1.158333,-0.186088,0.4443099,-0.8763332,左足首,,,,1,0,0,0,False,0,0,0,0,0,0,0,0,0
1.213605,0.5079058,-1.070479,0.4071174,0.4872975,0.7725261,左足首,,,,1,0,0,0,False,0,0,0,0,0,0,0,0,0
1.203296,0.3720776,-0.979368,-0.3829404,0.1950984,0.9029359,左足首,,,,1,0,0,0,False,0,0,0,0,0,0,0,0,0
1.190406,0.4675731,-1.026608,-0.7083193,0.2351278,0.6655815,左足首,,,,1,0,0,0,False,0,0,0,0,0,0,0,0,0
1.24082,0.3325368,-0.9635853,0.5867611,-0.8013302,-0.1165384,左足首,,,,1,0,0,0,False,0,0,0,0,0,0,0,0,0
1.269648,0.3504551,-0.9487958,-0.2869472,-0.4450491,0.8482881,左足首,,,,1,0,0,0,False,0,0,0,0,0,0,0,0,0
1.19489,0.354785,-1.006933,-0.8875663,-0.153625,0.4343104,左足首,,,,1,0,0,0,False,0,0,0,0,0,0,0,0,0
1.233325,0.3219407,-0.9716362,-0.5020483,-0.4420637,0.7433218,左足首,,,,1,0,0,0,False,0,0,0,0,0,0,0,0,0
1.333826,0.2886609,-1.053062,0.7614549,-0.6457092,0.05697381,左足首,,,,1,0,0,0,False,0,0,0,0,0,0,0,0,0
1.272537,0.2389563,-1.09132,0.2625194,-0.9624776,-0.06870615,左足首,,,,1,0,0,0,False,0,0,0,0,0,0,0,0,0
1.281905,0.2607324,-1.009662,0.08428982,-0.8539314,0.5135138,左足首,,,,1,0,0,0,False,0,0,0,0,0,0,0,0,0
1.330113,0.3222683,-1.1088,0.8400463,-0.4510431,-0.3014669,左足首,,,,1,0,0,0,False,0,0,0,0,0,0,0,0,0
1.275309,0.2689426,-1.153733,0.2149473,-0.919709,-0.3285317,左足首,,,,1,0,0,0,False,0,0,0,0,0,0,0,0,0
1.206114,0.2566845,-1.095125,-0.5272938,-0.8490612,0.03249927,左足首,,,,1,0,0,0,False,0,0,0,0,0,0,0,0,0
1.212154,0.2715527,-1.169635,-0.5636252,-0.8022947,-0.196596,左足首,,,,1,0,0,0,False,0,0,0,0,0,0,0,0,0
1.300785,0.3779711,-1.153946,0.8134975,0.01049829,-0.5814736,左足首,,,,1,0,0,0,False,0,0,0,0,0,0,0,0,0
1.281656,0.3440343,-1.181321,0.6924262,0.001998711,-0.7214859,左足首,,,,1,0,0,0,False,0,0,0,0,0,0,0,0,0
1.276189,0.3296345,-1.18214,0.7834613,-0.2654778,-0.5618807,左足首,,,,1,0,0,0,False,0,0,0,0,0,0,0,0,0
1.183342,0.3686866,-1.184279,-0.8154524,0.02956723,-0.5780686,左足首,,,,1,0,0,0,False,0,0,0,0,0,0,0,0,0
1.184425,0.4006561,-1.186441,-0.673351,0.4102877,-0.6150303,左足首,,,,1,0,0,0,False,0,0,0,0,0,0,0,0,0
1.202784,0.4217052,-1.164793,-0.3132601,0.8089738,-0.4974229,左足首,,,,1,0,0,0,False,0,0,0,0,0,0,0,0,0
1.297744,0.309049,-0.9566507,0.2431307,-0.624077,0.7425736,左足首,,,,1,0,0,0,False,0,0,0,0,0,0,0,0,0
1.317354,0.3595857,-0.9318099,0.5275659,-0.7558224,0.3878232,左足首,,,,1,0,0,0,False,0,0,0,0,0,0,0,0,0
1.3649,0.3443606,-1.017413,0.8771299,-0.4689757,0.1034651,左足首,,,,1,0,0,0,False,0,0,0,0,0,0,0,0,0
1.387274,0.4019327,-0.9707593,0.9414752,-0.3369803,-0.008300598,左足首,,,,1,0,0,0,False,0,0,0,0,0,0,0,0,0
0.9879758,0.5317757,-1.194756,-0.9643553,0.102237,0.2440627,左足首,,,,1,0,0,0,False,0,0,0,0,0,0,0,0,0
0.958433,0.344938,-1.123267,0.3907444,-0.8815221,-0.2650239,左足首,,,,1,0,0,0,False,0,0,0,0,0,0,0,0,0
0.9696691,0.3447328,-1.12661,-0.3889042,-0.8238701,-0.4123003,左足首,,,,1,0,0,0,False,0,0,0,0,0,0,0,0,0
0.8259029,0.3142965,-1.082599,-0.565102,-0.6350473,-0.5266637,左足首,,,,1,0,0,0,False,0,0,0,0,0,0,0,0,0
0.8467638,0.3267867,-1.113987,-0.4448629,-0.8898541,-0.1012751,左足首,,,,1,0,0,0,False,0,0,0,0,0,0,0,0,0
0.8601532,0.5000139,-1.145157,-0.8762584,0.2262276,0.425432,左足首,,,,1,0,0,0,False,0,0,0,0,0,0,0,0,0
0.8145139,0.4991902,-1.141998,-0.8867969,-0.1123703,0.4482902,左足首,,,,1,0,0,0,False,0,0,0,0,0,0,0,0,0
0.9124206,0.3216558,-1.164681,0.1020662,-0.6784528,0.7275193,左足首,,,,1,0,0,0,False,0,0,0,0,0,0,0,0,0
0.8498807,0.3337393,-1.180272,-0.8878986,-0.3438608,0.3056073,左足首,,,,1,0,0,0,False,0,0,0,0,0,0,0,0,0
0.8228242,0.5944889,-1.163616,0.1669518,0.6228329,-0.764334,左足首,,,,1,0,0,0,False,0,0,0,0,0,0,0,0,0
0.8397319,0.6010789,-1.163708,-0.3702841,0.7494485,-0.5488322,左足首,,,,1,0,0,0,False,0,0,0,0,0,0,0,0,0
0.8125196,0.6822291,-1.048249,-0.135712,0.7790971,-0.6120375,左足首,,,,1,0,0,0,False,0,0,0,0,0,0,0,0,0
0.8223195,0.4482983,-1.231848,-0.9527822,0.1666881,-0.2538133,左足首,,,,1,0,0,0,False,0,0,0,0,0,0,0,0,0
0.8558381,0.4599939,-1.340374,-0.526615,0.4553227,-0.7178844,左足首,,,,1,0,0,0,False,0,0,0,0,0,0,0,0,0
0.8510546,0.5311194,-1.279171,-0.6020702,0.5989509,-0.527986,左足首,,,,1,0,0,0,False,0,0,0,0,0,0,0,0,0
0.9994457,0.4684102,-1.215318,0.8320224,0.3452622,-0.4342035,左足首,,,,1,0,0,0,False,0,0,0,0,0,0,0,0,0
0.9523506,0.6170737,-1.156645,0.0261092,0.7399589,-0.6721452,左足首,,,,1,0,0,0,False,0,0,0,0,0,0,0,0,0
0.974061,0.5332336,-1.273228,0.4866754,0.6598644,-0.5724736,左足首,,,,1,0,0,0,False,0,0,0,0,0,0,0,0,0
0.9813771,0.375308,-1.383956,0.7900372,0.3647399,-0.4927535,左足首,,,,1,0,0,0,False,0,0,0,0,0,0,0,0,0
0.9802555,0.3205331,-1.426299,0.5472743,0.3577493,-0.7566414,左足首,,,,1,0,0,0,False,0,0,0,0,0,0,0,0,0
0.9777988,0.2988748,-1.427832,0.8805286,-0.06664671,-0.4692842,左足首,,,,1,0,0,0,False,0,0,0,0,0,0,0,0,0
0.8187587,0.3285812,-1.267729,-0.9562631,0.1649757,-0.2415448,左足首,,,,1,0,0,0,False,0,0,0,0,0,0,0,0,0
0.8217166,0.2761399,-1.344574,-0.9293889,0.1674355,-0.3289402,左足首,,,,1,0,0,0,False,0,0,0,0,0,0,0,0,0
0.8508443,0.3641834,-1.375932,-0.8410035,0.2488023,-0.4804273,左足首,,,,1,0,0,0,False,0,0,0,0,0,0,0,0,0
0.8622443,0.3004993,-1.431326,-0.6887735,0.02742656,-0.7244576,左足首,,,,1,0,0,0,False,0,0,0,0,0,0,0,0,0
0.8591037,0.3184828,-1.428745,-0.604053,0.4007856,-0.6888331,左足首,,,,1,0,0,0,False,0,0,0,0,0,0,0,0,0
0.8508443,0.3641834,-1.375932,-0.8360958,0.343341,-0.4278561,左足首,,,,1,0,0,0,False,0,0,0,0,0,0,0,0,0
0.9143662,0.385002,-1.3827,-0.04334833,0.4539945,-0.8899494,左足首,,,,1,0,0,0,False,0,0,0,0,0,0,0,0,0
0.9879758,0.5317757,-1.194756,-0.6660799,0.1498508,-0.7306725,左足首,,,,1,0,0,0,False,0,0,0,0,0,0,0,0,0
0.9576254,0.6901695,-1.042302,0.09417605,0.8132874,-0.5741902,左足首,,,,1,0,0,0,False,0,0,0,0,0,0,0,0,0
0.9791021,0.6206575,-1.156201,-0.2163115,0.8060482,-0.5509046,左足首,,,,1,0,0,0,False,0,0,0,0,0,0,0,0,0
0.9504501,0.4856631,-1.234194,-0.9911735,0.1307727,-0.02175933,左足首,,,,1,0,0,0,False,0,0,0,0,0,0,0,0,0
0.9844867,0.5423284,-1.284215,-0.4246175,0.6730099,-0.6056053,左足首,,,,1,0,0,0,False,0,0,0,0,0,0,0,0,0
0.9849201,0.3188651,-1.408298,-0.7131833,-0.1712688,-0.6797328,左足首,,,,1,0,0,0,False,0,0,0,0,0,0,0,0,0
0.9825058,0.3385752,-1.412083,-0.5235309,0.2619763,-0.8107303,左足首,,,,1,0,0,0,False,0,0,0,0,0,0,0,0,0
0.9802147,0.3862638,-1.385546,-0.7550755,0.2907348,-0.5876516,左足首,,,,1,0,0,0,False,0,0,0,0,0,0,0,0,0
1.0322,0.1806227,-1.324316,-0.04358642,-0.9927171,-0.1123078,左足首,,,,1,0,0,0,False,0,0,0,0,0,0,0,0,0
1.036901,0.2154252,-1.219651,-0.04496527,-0.856961,0.5134161,左足首,,,,1,0,0,0,False,0,0,0,0,0,0,0,0,0
1.090791,0.2125065,-1.317485,0.6612874,-0.7335715,-0.1567542,左足首,,,,1,0,0,0,False,0,0,0,0,0,0,0,0,0
1.119338,0.2356327,-1.244337,0.7753255,-0.5989804,0.2002319,左足首,,,,1,0,0,0,False,0,0,0,0,0,0,0,0,0
1.108308,0.5415516,-1.163637,0.9138831,0.03637941,0.4043442,左足首,,,,1,0,0,0,False,0,0,0,0,0,0,0,0,0
1.083724,0.3302169,-1.092599,0.4649276,-0.8443506,-0.2662976,左足首,,,,1,0,0,0,False,0,0,0,0,0,0,0,0,0
1.133521,0.3309198,-1.067434,0.03856179,-0.9986964,0.03344388,左足首,,,,1,0,0,0,False,0,0,0,0,0,0,0,0,0
1.104211,0.5443318,-1.214929,-0.4469785,0.7152483,-0.5372431,左足首,,,,1,0,0,0,False,0,0,0,0,0,0,0,0,0
1.211437,0.5118272,-1.186132,0.7431548,0.4823329,-0.4637628,左足首,,,,1,0,0,0,False,0,0,0,0,0,0,0,0,0
1.117806,0.6098064,-1.131023,0.1940543,0.7763133,-0.5997338,左足首,,,,1,0,0,0,False,0,0,0,0,0,0,0,0,0
0.6996696,1.119764,-0.4682519,-0.9288411,0.2894521,-0.2312398,左足首,,,,1,0,0,0,False,0,0,0,0,0,0,0,0,0
0.7881807,1.198658,-0.5947362,-0.5015757,0.4866143,-0.715282,左足首,,,,1,0,0,0,False,0,0,0,0,0,0,0,0,0
0.8057988,1.409047,-0.4568706,-0.7653,0.3102259,-0.5639821,左足首,,,,1,0,0,0,False,0,0,0,0,0,0,0,0,0
0.8050792,1.878109,-0.007640124,-0.9564915,0.06158675,0.2851862,左ひざ,左足首,,,0.6,0.4,0,0,False,0,0,0,0,0,0,0,0,0
0.7289192,1.581583,-0.09543507,-0.996832,0.0793724,-0.005116566,左ひざ,左足首,,,0.54,0.46,0,0,False,0,0,0,0,0,0,0,0,0
0.7484419,1.857346,-0.1494107,-0.9963878,0.08405588,0.01208576,左ひざ,左足首,,,0.6,0.4,0,0,False,0,0,0,0,0,0,0,0,0
0.6973747,1.124403,-0.2545625,-0.9908797,0.1331211,-0.0208877,左足首,,,,1,0,0,0,False,0,0,0,0,0,0,0,0,0
0.7283406,1.359139,-0.3097599,-0.9666843,0.1909514,-0.1704667,左足首,,,,1,0,0,0,False,0,0,0,0,0,0,0,0,0
0.7206878,1.348978,-0.1304013,-0.9897016,0.115994,-0.08388186,左足首,,,,1,0,0,0,False,0,0,0,0,0,0,0,0,0
0.667969,0.9172727,-0.385479,-0.9650379,0.2619747,0.008433913,左足首,,,,1,0,0,0,False,0,0,0,0,0,0,0,0,0
0.6096867,0.5884013,-0.9926534,-0.824282,0.4149065,-0.3852424,左足首,,,,1,0,0,0,False,0,0,0,0,0,0,0,0,0
0.6863508,0.6535161,-1.034521,-0.4717098,0.7134323,-0.5181739,左足首,,,,1,0,0,0,False,0,0,0,0,0,0,0,0,0
0.6254593,0.7323999,-0.840808,-0.7475951,0.5572912,-0.3612866,左足首,,,,1,0,0,0,False,0,0,0,0,0,0,0,0,0
0.8614538,0.4252254,-1.153142,0.9040232,-0.003341416,0.4274704,左足首,,,,1,0,0,0,False,0,0,0,0,0,0,0,0,0
0.827788,0.3202496,-1.082766,0.7285253,-0.1731423,0.6627765,左足首,,,,1,0,0,0,False,0,0,0,0,0,0,0,0,0
0.8601532,0.5000139,-1.145157,0.9166632,-0.02663448,0.3987724,左足首,,,,1,0,0,0,False,0,0,0,0,0,0,0,0,0
0.8759538,0.2167807,-1.26373,0.8291726,-0.555677,0.06079317,左足首,,,,1,0,0,0,False,0,0,0,0,0,0,0,0,0
0.816341,0.1892274,-1.331168,0.349068,-0.8936511,-0.2820272,左足首,,,,1,0,0,0,False,0,0,0,0,0,0,0,0,0
0.7957788,0.1825466,-1.252731,0.2173464,-0.9557033,0.1984742,左足首,,,,1,0,0,0,False,0,0,0,0,0,0,0,0,0
0.8215545,0.2331352,-1.405915,0.3838952,-0.8076174,-0.447637,左足首,,,,1,0,0,0,False,0,0,0,0,0,0,0,0,0
0.8725776,0.2522117,-1.371959,0.7678549,-0.5836147,-0.2641833,左足首,,,,1,0,0,0,False,0,0,0,0,0,0,0,0,0
0.6860088,0.3407225,-1.429025,-0.7118111,0.4793182,-0.5133995,左足首,,,,1,0,0,0,False,0,0,0,0,0,0,0,0,0
0.6672173,0.3647195,-1.346316,-0.9039254,0.3095031,-0.2951726,左足首,,,,1,0,0,0,False,0,0,0,0,0,0,0,0,0
0.6881208,0.3321775,-1.434239,-0.7131543,0.234317,-0.6606864,左足首,,,,1,0,0,0,False,0,0,0,0,0,0,0,0,0
0.681705,0.3099174,-1.437483,-0.7017801,0.01095767,-0.7123094,左足首,,,,1,0,0,0,False,0,0,0,0,0,0,0,0,0
0.6405078,0.3537104,-1.336881,-0.8126487,0.2543339,-0.5243248,左足首,,,,1,0,0,0,False,0,0,0,0,0,0,0,0,0
0.6855676,0.2296245,-1.390535,-0.7707657,-0.2879356,-0.5683426,左足首,,,,1,0,0,0,False,0,0,0,0,0,0,0,0,0
0.6372085,0.2604795,-1.311713,-0.9361935,-0.06955633,-0.3445342,左足首,,,,1,0,0,0,False,0,0,0,0,0,0,0,0,0
0.755309,0.2223552,-1.416325,0.02132313,-0.8647681,-0.5017184,左足首,,,,1,0,0,0,False,0,0,0,0,0,0,0,0,0
0.6855676,0.2296245,-1.390535,-0.499555,-0.79216,-0.35061,左足首,,,,1,0,0,0,False,0,0,0,0,0,0,0,0,0
0.7277202,0.1822477,-1.343552,-0.2606163,-0.9322134,-0.2511124,左足首,,,,1,0,0,0,False,0,0,0,0,0,0,0,0,0
0.8388087,0.4051898,-1.339677,0.8017017,0.5583314,-0.2134022,左足首,,,,1,0,0,0,False,0,0,0,0,0,0,0,0,0
0.8536295,0.3591656,-1.404413,0.6820285,0.5724046,-0.4551815,左足首,,,,1,0,0,0,False,0,0,0,0,0,0,0,0,0
0.8539432,0.3469236,-1.406461,0.865851,0.2504141,-0.4331223,左足首,,,,1,0,0,0,False,0,0,0,0,0,0,0,0,0
0.6722912,0.569599,-1.142956,-0.5813913,0.6473453,-0.4928775,左足首,,,,1,0,0,0,False,0,0,0,0,0,0,0,0,0
0.7509019,0.5958196,-1.151053,-0.2105522,0.7890828,-0.5770755,左足首,,,,1,0,0,0,False,0,0,0,0,0,0,0,0,0
0.8565096,0.3034186,-0.8929803,0.00188106,-0.9774759,0.2110386,左足首,,,,1,0,0,0,False,0,0,0,0,0,0,0,0,0
0.8748928,0.359578,-0.7228627,-0.04444319,-0.9340424,0.3543864,左足首,,,,1,0,0,0,False,0,0,0,0,0,0,0,0,0
0.9751977,0.3046858,-0.8877504,0.01477609,-0.9760804,0.2169073,左足首,,,,1,0,0,0,False,0,0,0,0,0,0,0,0,0
0.9463808,0.4405147,-0.5020635,-0.1391461,-0.8645619,0.4828779,左足首,,,,1,0,0,0,False,0,0,0,0,0,0,0,0,0
1.057508,0.3613293,-0.7153436,-0.000633641,-0.9472904,0.3203758,左足首,,,,1,0,0,0,False,0,0,0,0,0,0,0,0,0
1.369984,0.8469179,-0.3749934,0.8994725,0.3653896,-0.2396659,左足首,,,,1,0,0,0,False,0,0,0,0,0,0,0,0,0
1.252945,0.9131941,-0.6207873,0.7187837,0.4783214,-0.5045381,左足首,,,,1,0,0,0,False,0,0,0,0,0,0,0,0,0
1.37241,0.7486866,-0.5765764,0.7480212,0.5664865,-0.3457707,左足首,,,,1,0,0,0,False,0,0,0,0,0,0,0,0,0
1.220337,0.5793632,-1.084193,0.6978453,0.5558413,-0.4517217,左足首,,,,1,0,0,0,False,0,0,0,0,0,0,0,0,0
1.241767,0.4538476,-1.120018,0.9716126,0.1825709,-0.1504557,左足首,,,,1,0,0,0,False,0,0,0,0,0,0,0,0,0
1.229895,0.5019636,-1.05889,0.9857898,0.1272223,0.109695,左足首,,,,1,0,0,0,False,0,0,0,0,0,0,0,0,0
1.082692,0.3482519,-1.116492,-0.8343214,-0.3156596,0.4519587,左足首,,,,1,0,0,0,False,0,0,0,0,0,0,0,0,0
1.142419,0.3297726,-1.096439,-0.06683315,-0.7116432,0.6993549,左足首,,,,1,0,0,0,False,0,0,0,0,0,0,0,0,0
1.154072,0.3898827,-1.298995,0.2944776,0.4242709,-0.8563161,左足首,,,,1,0,0,0,False,0,0,0,0,0,0,0,0,0
1.09827,0.4742534,-1.271719,-0.4729072,0.4825637,-0.7372186,左足首,,,,1,0,0,0,False,0,0,0,0,0,0,0,0,0
1.093054,0.3966731,-1.309504,-0.7810513,0.3224734,-0.5347613,左足首,,,,1,0,0,0,False,0,0,0,0,0,0,0,0,0
1.090178,0.3202962,-1.333284,-0.6556661,-0.1174934,-0.7458534,左足首,,,,1,0,0,0,False,0,0,0,0,0,0,0,0,0
1.087672,0.3463049,-1.336694,-0.3575351,0.3244738,-0.8757199,左足首,,,,1,0,0,0,False,0,0,0,0,0,0,0,0,0
1.093054,0.3966731,-1.309504,-0.7322698,0.3824394,-0.5634901,左足首,,,,1,0,0,0,False,0,0,0,0,0,0,0,0,0
1.060332,0.3440441,-1.254864,-0.9948268,-0.08956768,0.04793111,左足首,,,,1,0,0,0,False,0,0,0,0,0,0,0,0,0
1.078217,0.2989562,-1.138012,-0.7693121,-0.3428176,0.5391058,左足首,,,,1,0,0,0,False,0,0,0,0,0,0,0,0,0
1.070202,0.2593383,-1.204949,-0.8570422,-0.4640558,0.2238993,左足首,,,,1,0,0,0,False,0,0,0,0,0,0,0,0,0
1.066689,0.4667564,-1.15356,-0.7706013,0.1386141,0.6220608,左足首,,,,1,0,0,0,False,0,0,0,0,0,0,0,0,0
1.069001,0.4144357,-1.199225,-0.9904458,-0.03171242,0.1342066,左足首,,,,1,0,0,0,False,0,0,0,0,0,0,0,0,0
1.200668,0.3700709,-1.286685,0.8442728,0.2005087,-0.4969908,左足首,,,,1,0,0,0,False,0,0,0,0,0,0,0,0,0
1.193147,0.3225818,-1.318621,0.6965539,0.1160523,-0.7080569,左足首,,,,1,0,0,0,False,0,0,0,0,0,0,0,0,0
1.191397,0.3090051,-1.316384,0.867974,-0.1876549,-0.4597901,左足首,,,,1,0,0,0,False,0,0,0,0,0,0,0,0,0
1.229895,0.5019636,-1.05889,0.9176882,0.09678806,0.3853317,左足首,,,,1,0,0,0,False,0,0,0,0,0,0,0,0,0
1.210349,0.3493677,-1.028999,0.7321303,-0.6550868,-0.1866724,左足首,,,,1,0,0,0,False,0,0,0,0,0,0,0,0,0
1.213605,0.5079058,-1.070479,-0.4165668,0.4251558,0.8035637,左足首,,,,1,0,0,0,False,0,0,0,0,0,0,0,0,0
1.255137,0.6238374,-0.9654107,0.4952237,0.7489083,-0.4403292,左足首,,,,1,0,0,0,False,0,0,0,0,0,0,0,0,0
1.24946,0.5765918,-1.062139,0.2946076,0.8194954,-0.4915625,左足首,,,,1,0,0,0,False,0,0,0,0,0,0,0,0,0
0.9635677,0.3568592,-1.159239,-0.931263,-0.1911269,0.310193,左足首,,,,1,0,0,0,False,0,0,0,0,0,0,0,0,0
1.030052,0.3325575,-1.137116,-0.179415,-0.8601325,0.4774752,左足首,,,,1,0,0,0,False,0,0,0,0,0,0,0,0,0
1.104609,0.3790991,-1.375348,0.7534753,0.1833724,-0.631387,左足首,,,,1,0,0,0,False,0,0,0,0,0,0,0,0,0
1.093266,0.3270395,-1.404003,0.6278028,0.1038746,-0.7714103,左足首,,,,1,0,0,0,False,0,0,0,0,0,0,0,0,0
1.09152,0.3127451,-1.400247,0.8355553,-0.2328511,-0.497622,左足首,,,,1,0,0,0,False,0,0,0,0,0,0,0,0,0
1.104609,0.3790991,-1.375348,0.8789665,0.2300639,-0.417718,左足首,,,,1,0,0,0,False,0,0,0,0,0,0,0,0,0
1.104403,0.4408334,-1.325792,0.7076834,0.4684162,-0.5289333,左足首,,,,1,0,0,0,False,0,0,0,0,0,0,0,0,0
1.044749,0.395321,-1.380993,0.1649461,0.5555685,-0.8149458,左足首,,,,1,0,0,0,False,0,0,0,0,0,0,0,0,0
1.226316,0.8745078,0.4632202,0.6693996,-0.1372542,0.7301133,左足首,,,,1,0,0,0,False,0,0,0,0,0,0,0,0,0
1.291502,0.7680852,0.3056388,0.8089959,-0.4453392,0.3836646,左足首,,,,1,0,0,0,False,0,0,0,0,0,0,0,0,0
1.194039,0.722078,0.3849256,0.4691707,-0.6686967,0.576822,左足首,,,,1,0,0,0,False,0,0,0,0,0,0,0,0,0
0.9839391,1.441825,0.3204136,-0.381468,0.4143691,0.8263052,左足首,左ひざ,,,0.68,0.32,0,0,False,0,0,0,0,0,0,0,0,0
0.9953927,1.645092,0.2519072,-0.1767769,0.2889081,0.9408942,左ひざ,左足首,,,0.54,0.46,0,0,False,0,0,0,0,0,0,0,0,0
1.051887,1.446985,0.3186017,0.2090319,0.4455086,0.870533,左足首,左ひざ,,,0.68,0.32,0,0,False,0,0,0,0,0,0,0,0,0
0.9195503,0.6991198,0.3872997,-0.4048337,-0.7666808,0.4983074,左足首,,,,1,0,0,0,False,0,0,0,0,0,0,0,0,0
0.8292375,0.8631818,0.4497578,-0.7267299,-0.2275863,0.6481267,左足首,,,,1,0,0,0,False,0,0,0,0,0,0,0,0,0
0.9602151,0.848371,0.5199307,-0.2292197,-0.3458392,0.9098646,左足首,,,,1,0,0,0,False,0,0,0,0,0,0,0,0,0
1.055372,0.6913762,0.4112904,0.02796306,-0.8200579,0.571597,左足首,,,,1,0,0,0,False,0,0,0,0,0,0,0,0,0
1.146196,0.6145791,0.1651428,0.193913,-0.9518414,0.2374775,左足首,,,,1,0,0,0,False,0,0,0,0,0,0,0,0,0
1.357218,1.449596,-0.1583112,0.8234107,-0.03218104,-0.5665327,左足首,,,,1,0,0,0,False,0,0,0,0,0,0,0,0,0
1.353978,1.332385,-0.1523072,0.8600726,-0.09377816,-0.5014787,左足首,,,,1,0,0,0,False,0,0,0,0,0,0,0,0,0
-0.8416923,0.3795276,-1.362067,0.8384472,0.3453182,-0.4216179,右足首,,,,1,0,0,0,False,0,0,0,0,0,0,0,0,0
-0.8495451,0.3339288,-1.41503,0.6080521,0.403016,-0.6839961,右足首,,,,1,0,0,0,False,0,0,0,0,0,0,0,0,0
-0.8526454,0.3159469,-1.417669,0.6934875,0.02983947,-0.7198505,右足首,,,,1,0,0,0,False,0,0,0,0,0,0,0,0,0
-0.9682181,0.3141671,-1.414939,-0.8773375,-0.06677955,-0.4752047,右足首,,,,1,0,0,0,False,0,0,0,0,0,0,0,0,0
-0.9707129,0.3358189,-1.413376,-0.5427503,0.3586557,-0.7594658,右足首,,,,1,0,0,0,False,0,0,0,0,0,0,0,0,0
-0.9721838,0.3905022,-1.370925,-0.7872516,0.3647744,-0.4971666,右足首,,,,1,0,0,0,False,0,0,0,0,0,0,0,0,0
-0.844568,0.3623288,-1.392652,-0.863306,0.2502195,-0.438284,右足首,,,,1,0,0,0,False,0,0,0,0,0,0,0,0,0
-0.8442836,0.3745668,-1.390576,-0.6797599,0.5724946,-0.45845,右足首,,,,1,0,0,0,False,0,0,0,0,0,0,0,0,0
-0.8299485,0.4204722,-1.325646,-0.800998,0.5577621,-0.2174939,右足首,,,,1,0,0,0,False,0,0,0,0,0,0,0,0,0
-0.6785476,0.3478539,-1.419369,0.7171804,0.2366372,-0.6554808,右足首,,,,1,0,0,0,False,0,0,0,0,0,0,0,0,0
-0.6582649,0.3802357,-1.331242,0.9054453,0.3112875,-0.2885635,右足首,,,,1,0,0,0,False,0,0,0,0,0,0,0,0,0
-0.676481,0.3563904,-1.414124,0.7145514,0.481321,-0.5076872,右足首,,,,1,0,0,0,False,0,0,0,0,0,0,0,0,0
-0.6134622,4.321486,0.3222798,0.7621931,-0.1128143,0.6374438,右ひざ,,,,1,0,0,0,False,0,0,0,0,0,0,0,0,0
-0.5348079,4.312538,0.1686018,0.9552097,-0.1306204,0.2655422,右ひざ,,,,1,0,0,0,False,0,0,0,0,0,0,0,0,0
-0.6590535,3.752158,0.2611036,0.8039912,-0.1514013,0.5750442,右ひざ,,,,1,0,0,0,False,0,0,0,0,0,0,0,0,0
-1.053152,1.435388,0.3129528,-0.1957839,0.5229755,0.8295573,右足首,右ひざ,,,0.68,0.32,0,0,False,0,0,0,0,0,0,0,0,0
-0.9967689,1.624958,0.2486252,0.1723289,0.2816055,0.9439285,右ひざ,右足首,,,0.54,0.46,0,0,False,0,0,0,0,0,0,0,0,0
-0.9851983,1.430347,0.3148787,0.3677668,0.4798321,0.7965606,右足首,右ひざ,,,0.68,0.32,0,0,False,0,0,0,0,0,0,0,0,0
-1.205159,1.619332,0.1005691,-0.6898559,0.2013851,0.6953725,右ひざ,右足首,,,0.54,0.46,0,0,False,0,0,0,0,0,0,0,0,0
-1.272523,1.623506,0.03914734,-0.7538156,0.193259,0.6280232,右ひざ,右足首,,,0.54,0.46,0,0,False,0,0,0,0,0,0,0,0,0
-1.244364,1.91259,0.04329947,-0.7622236,-0.05699874,0.6447995,右ひざ,右足首,,,0.6,0.4,0,0,False,0,0,0,0,0,0,0,0,0
-1.267475,1.434149,-0.2814443,-0.8331898,-0.03589377,-0.551821,右足首,,,,1,0,0,0,False,0,0,0,0,0,0,0,0,0
-1.276653,1.301899,-0.2704102,-0.8982892,0.03277646,-0.4381805,右足首,,,,1,0,0,0,False,0,0,0,0,0,0,0,0,0
-1.208298,1.388637,-0.3638265,-0.8029018,0.08816098,-0.589556,右足首,,,,1,0,0,0,False,0,0,0,0,0,0,0,0,0
-1.354294,1.344561,-0.1373826,-0.8576983,-0.1283066,-0.4978868,右足首,,,,1,0,0,0,False,0,0,0,0,0,0,0,0,0
-1.356844,1.463315,-0.1557982,-0.8228309,-0.0527539,-0.5658325,右足首,,,,1,0,0,0,False,0,0,0,0,0,0,0,0,0
-1.22651,1.61975,-0.3628026,-0.7449563,-0.06753802,-0.6636857,右足首,右ひざ,,,0.68,0.32,0,0,False,0,0,0,0,0,0,0,0,0
-1.263533,1.827161,-0.3468784,-0.8206571,-0.09517464,-0.5634394,右ひざ,右足首,,,0.6,0.4,0,0,False,0,0,0,0,0,0,0,0,0
-1.280267,1.613037,-0.2737467,-0.8519263,-0.04553865,-0.5216779,右足首,右ひざ,,,0.68,0.32,0,0,False,0,0,0,0,0,0,0,0,0
-0.9710251,0.401463,-1.372485,0.758548,0.2929484,-0.5820534,右足首,,,,1,0,0,0,False,0,0,0,0,0,0,0,0,0
-0.9730799,0.3538279,-1.399138,0.5285125,0.2643684,-0.8067118,右足首,,,,1,0,0,0,False,0,0,0,0,0,0,0,0,0
-0.9754937,0.3341067,-1.39541,0.7178603,-0.16891,-0.6753858,右足首,,,,1,0,0,0,False,0,0,0,0,0,0,0,0,0
-1.082136,0.3278332,-1.388073,-0.8319644,-0.2328614,-0.503598,右足首,,,,1,0,0,0,False,0,0,0,0,0,0,0,0,0
-1.083876,0.3421334,-1.391811,-0.6228509,0.1047115,-0.7753015,右足首,,,,1,0,0,0,False,0,0,0,0,0,0,0,0,0
-1.095474,0.3941174,-1.363121,-0.7495444,0.1837488,-0.63594,右足首,,,,1,0,0,0,False,0,0,0,0,0,0,0,0,0
-1.268257,0.3440229,-1.171151,-0.7794043,-0.2652638,-0.5675951,右足首,,,,1,0,0,0,False,0,0,0,0,0,0,0,0,0
-1.273748,0.358414,-1.170337,-0.6876667,0.002655151,-0.7260217,右足首,,,,1,0,0,0,False,0,0,0,0,0,0,0,0,0
-1.2931,0.3922679,-1.143017,-0.8096625,0.01070254,-0.5867982,右足首,,,,1,0,0,0,False,0,0,0,0,0,0,0,0,0
-1.182558,0.3237873,-1.304878,-0.8646868,-0.1877834,-0.4658906,右足首,,,,1,0,0,0,False,0,0,0,0,0,0,0,0,0
-1.184311,0.3373665,-1.307097,-0.6920313,0.1166643,-0.7123779,右足首,,,,1,0,0,0,False,0,0,0,0,0,0,0,0,0
-1.192103,0.3847779,-1.275112,-0.8412415,0.2004849,-0.5021142,右足首,,,,1,0,0,0,False,0,0,0,0,0,0,0,0,0
-1.195087,0.4361504,-1.153127,0.3154789,0.8104292,-0.4936373,右足首,,,,1,0,0,0,False,0,0,0,0,0,0,0,0,0
-1.176559,0.4151707,-1.174697,0.6768534,0.4124518,-0.6097156,右足首,,,,1,0,0,0,False,0,0,0,0,0,0,0,0,0
-1.175448,0.3831982,-1.172597,0.8191997,0.03183912,-0.572624,右足首,,,,1,0,0,0,False,0,0,0,0,0,0,0,0,0
-0.6798221,0.6683443,-1.018969,0.4741847,0.7151343,-0.5135482,右足首,,,,1,0,0,0,False,0,0,0,0,0,0,0,0,0
-0.7435307,0.6108131,-1.136045,0.2133228,0.7905759,-0.5740064,右足首,,,,1,0,0,0,False,0,0,0,0,0,0,0,0,0
-0.6649412,0.584676,-1.127487,0.5837823,0.6491348,-0.4876703,右足首,,,,1,0,0,0,False,0,0,0,0,0,0,0,0,0
-0.805935,0.6969251,-1.033466,0.1387266,0.7805688,-0.6094811,右足首,,,,1,0,0,0,False,0,0,0,0,0,0,0,0,0
-0.8322824,0.6159856,-1.149274,0.3729177,0.7510855,-0.5447964,右足首,,,,1,0,0,0,False,0,0,0,0,0,0,0,0,0
-0.8153672,0.6094172,-1.149084,-0.1627244,0.6242415,-0.7640964,右足首,,,,1,0,0,0,False,0,0,0,0,0,0,0,0,0
-0.6761493,0.2452116,-1.375866,0.7748585,-0.2857415,-0.5638672,右足首,,,,1,0,0,0,False,0,0,0,0,0,0,0,0,0
-0.6316038,0.3692407,-1.321655,0.8157492,0.2564866,-0.5184283,右足首,,,,1,0,0,0,False,0,0,0,0,0,0,0,0,0
-0.6720818,0.3256089,-1.422619,0.7064349,0.01336845,-0.7076517,右足首,,,,1,0,0,0,False,0,0,0,0,0,0,0,0,0
-0.6283495,0.2759608,-1.296663,0.9385282,-0.06762611,-0.3385136,右足首,,,,1,0,0,0,False,0,0,0,0,0,0,0,0,0
-0.620308,0.7468942,-0.8246934,0.749234,0.5590134,-0.3551796,右足首,,,,1,0,0,0,False,0,0,0,0,0,0,0,0,0
-0.6033509,0.6032389,-0.976736,0.8262607,0.4167784,-0.3789315,右足首,,,,1,0,0,0,False,0,0,0,0,0,0,0,0,0
-0.8039902,1.432273,-0.4522284,0.7769836,0.2753048,-0.5661308,右足首,,,,1,0,0,0,False,0,0,0,0,0,0,0,0,0
-0.7855304,1.211315,-0.5748356,0.5047018,0.463859,-0.7280871,右足首,,,,1,0,0,0,False,0,0,0,0,0,0,0,0,0
-0.6977519,1.132618,-0.4479752,0.9326418,0.2851669,-0.2210412,右足首,,,,1,0,0,0,False,0,0,0,0,0,0,0,0,0
-0.6660507,0.9307446,-0.3692636,0.9643494,0.2641993,0.0151318,右足首,,,,1,0,0,0,False,0,0,0,0,0,0,0,0,0
-0.6968474,1.137337,-0.2346158,0.9907366,0.1350176,-0.01453285,右足首,,,,1,0,0,0,False,0,0,0,0,0,0,0,0,0
-0.7212507,1.361896,-0.1103883,0.9920236,0.09957018,-0.07729881,右足首,,,,1,0,0,0,False,0,0,0,0,0,0,0,0,0
-0.7277459,1.371984,-0.2895941,0.9736388,0.1693051,-0.1528507,右足首,,,,1,0,0,0,False,0,0,0,0,0,0,0,0,0
-1.369305,0.7608776,-0.5612325,-0.7466836,0.5686952,-0.3450354,右足首,,,,1,0,0,0,False,0,0,0,0,0,0,0,0,0
-1.249757,0.9254602,-0.6043917,-0.7159172,0.4811352,-0.5059362,右足首,,,,1,0,0,0,False,0,0,0,0,0,0,0,0,0
-1.368283,0.8591514,-0.3601448,-0.8980669,0.3645421,-0.2461405,右足首,,,,1,0,0,0,False,0,0,0,0,0,0,0,0,0
-0.9717241,0.63537,-1.142642,0.2188875,0.807493,-0.5477622,右足首,,,,1,0,0,0,False,0,0,0,0,0,0,0,0,0
-0.9449657,0.6318213,-1.142918,-0.02264592,0.7413513,-0.6707349,右足首,,,,1,0,0,0,False,0,0,0,0,0,0,0,0,0
-0.9510869,0.7046671,-1.028458,-0.09144937,0.8143847,-0.5730746,右足首,,,,1,0,0,0,False,0,0,0,0,0,0,0,0,0
-0.9914815,0.4832227,-1.202214,-0.8295946,0.3451191,-0.4389371,右足首,,,,1,0,0,0,False,0,0,0,0,0,0,0,0,0
-0.980229,0.546559,-1.181443,0.6706749,0.1522571,-0.7259566,右足首,,,,1,0,0,0,False,0,0,0,0,0,0,0,0,0
-0.9761653,0.5573063,-1.270854,0.4277207,0.6748377,-0.6013727,右足首,,,,1,0,0,0,False,0,0,0,0,0,0,0,0,0
-0.9423852,0.5005783,-1.22073,0.9911253,0.1320864,-0.01496008,右足首,,,,1,0,0,0,False,0,0,0,0,0,0,0,0,0
-0.9658003,0.5482014,-1.259818,-0.4837525,0.6604564,-0.5742657,右足首,,,,1,0,0,0,False,0,0,0,0,0,0,0,0,0
-1.035599,0.4104277,-1.368337,-0.160301,0.557087,-0.814836,右足首,,,,1,0,0,0,False,0,0,0,0,0,0,0,0,0
-1.095674,0.4557464,-1.313434,-0.7047942,0.4686335,-0.5325859,右足首,,,,1,0,0,0,False,0,0,0,0,0,0,0,0,0
-1.095474,0.3941174,-1.363121,-0.8764971,0.2298257,-0.4230045,右足首,,,,1,0,0,0,False,0,0,0,0,0,0,0,0,0
-0.8470438,0.4752559,-1.32634,0.5307359,0.4575208,-0.7134383,右足首,,,,1,0,0,0,False,0,0,0,0,0,0,0,0,0
-0.9051952,0.4002793,-1.369208,0.04861322,0.4559398,-0.888682,右足首,,,,1,0,0,0,False,0,0,0,0,0,0,0,0,0
-0.8416923,0.3795276,-1.362067,0.8438229,0.2508984,-0.4743555,右足首,,,,1,0,0,0,False,0,0,0,0,0,0,0,0,0
-0.8126577,0.291455,-1.330704,0.9313149,0.1693226,-0.3224632,右足首,,,,1,0,0,0,False,0,0,0,0,0,0,0,0,0
-0.8102731,0.3437366,-1.253731,0.9576172,0.1667117,-0.2348973,右足首,,,,1,0,0,0,False,0,0,0,0,0,0,0,0,0
-0.8427549,0.5462573,-1.264956,0.6047544,0.6008413,-0.5227447,右足首,,,,1,0,0,0,False,0,0,0,0,0,0,0,0,0
-0.8142246,0.4633726,-1.21762,0.9542145,0.1684456,-0.247186,右足首,,,,1,0,0,0,False,0,0,0,0,0,0,0,0,0
-0.9641559,0.8595453,0.5340557,0.2305208,-0.3541706,0.9063241,右足首,,,,1,0,0,0,False,0,0,0,0,0,0,0,0,0
-0.8327388,0.8746727,0.4647776,0.7219112,-0.2339114,0.6512524,右足首,,,,1,0,0,0,False,0,0,0,0,0,0,0,0,0
-0.9224267,0.7106284,0.4013796,0.4025385,-0.7672195,0.4993367,右足首,,,,1,0,0,0,False,0,0,0,0,0,0,0,0,0
-1.147497,0.62627,0.1775578,-0.194044,-0.9527166,0.2338335,右足首,,,,1,0,0,0,False,0,0,0,0,0,0,0,0,0
-1.196924,0.7332405,0.3972481,-0.4694872,-0.6747421,0.5694777,右足首,,,,1,0,0,0,False,0,0,0,0,0,0,0,0,0
-1.058393,0.7026603,0.4244596,-0.02836239,-0.8228411,0.5675632,右足首,,,,1,0,0,0,False,0,0,0,0,0,0,0,0,0
-1.294105,0.7798876,0.319747,-0.8097593,-0.4498118,0.376775,右足首,,,,1,0,0,0,False,0,0,0,0,0,0,0,0,0
-1.230149,0.8865207,0.478643,-0.6739991,-0.1431714,0.7247257,右足首,,,,1,0,0,0,False,0,0,0,0,0,0,0,0,0
-0.8700296,0.3735038,-0.709181,0.0433193,-0.9347357,0.3526934,右足首,,,,1,0,0,0,False,0,0,0,0,0,0,0,0,0
-1.052692,0.3750054,-0.7028601,-0.0002482448,-0.9479674,0.3183675,右足首,,,,1,0,0,0,False,0,0,0,0,0,0,0,0,0
-0.9430727,0.4538796,-0.4886862,0.1370851,-0.8654073,0.4819522,右足首,,,,1,0,0,0,False,0,0,0,0,0,0,0,0,0
-0.9691768,0.3188338,-0.874841,-0.01493986,-0.9765572,0.2147391,右足首,,,,1,0,0,0,False,0,0,0,0,0,0,0,0,0
-0.8504553,0.3177296,-0.8792925,-0.002004912,-0.9779237,0.2089526,右足首,,,,1,0,0,0,False,0,0,0,0,0,0,0,0,0
-0.8526945,0.5148554,-1.131071,0.8731516,0.2264429,0.4316596,右足首,,,,1,0,0,0,False,0,0,0,0,0,0,0,0,0
-0.8392863,0.3415797,-1.100181,0.4466701,-0.8890669,-0.1002295,右足首,,,,1,0,0,0,False,0,0,0,0,0,0,0,0,0
-0.8186162,0.3290496,-1.068682,0.5693751,-0.6332003,-0.52428,右足首,,,,1,0,0,0,False,0,0,0,0,0,0,0,0,0
-0.8205078,0.3350006,-1.068849,-0.732644,-0.1754821,0.6576008,右足首,,,,1,0,0,0,False,0,0,0,0,0,0,0,0,0
-0.7872034,0.1977001,-1.238891,-0.3028789,-0.9030403,0.3046023,右足首,,,,1,0,0,0,False,0,0,0,0,0,0,0,0,0
-0.807258,0.2045211,-1.317447,-0.3947897,-0.8583212,-0.3277587,右足首,,,,1,0,0,0,False,0,0,0,0,0,0,0,0,0
-0.8673484,0.2318548,-1.250345,-0.8288347,-0.5568659,0.05416032,右足首,,,,1,0,0,0,False,0,0,0,0,0,0,0,0,0
-0.7185486,0.1976812,-1.329263,0.410744,-0.8392258,-0.3563559,右足首,,,,1,0,0,0,False,0,0,0,0,0,0,0,0,0
-0.6761493,0.2452116,-1.375866,0.5028743,-0.7907727,-0.3489928,右足首,,,,1,0,0,0,False,0,0,0,0,0,0,0,0,0
-0.7457101,0.237908,-1.40213,-0.01690411,-0.8637261,-0.503678,右足首,,,,1,0,0,0,False,0,0,0,0,0,0,0,0,0
-0.8633063,0.26752,-1.358474,-0.7653449,-0.5840344,-0.2704646,右足首,,,,1,0,0,0,False,0,0,0,0,0,0,0,0,0
-0.8120365,0.248581,-1.392133,-0.3798971,-0.807155,-0.4518619,右足首,,,,1,0,0,0,False,0,0,0,0,0,0,0,0,0
-1.126349,0.345247,-1.055506,-0.0374896,-0.9988137,0.03107664,右足首,,,,1,0,0,0,False,0,0,0,0,0,0,0,0,0
-1.076386,0.3446612,-1.080345,-0.4620745,-0.8443767,-0.2711367,右足首,,,,1,0,0,0,False,0,0,0,0,0,0,0,0,0
-1.100776,0.5561149,-1.151095,-0.9165688,0.03435151,0.3983991,右足首,,,,1,0,0,0,False,0,0,0,0,0,0,0,0,0
-1.022426,0.347165,-1.124502,0.1773843,-0.8609143,0.4768242,右足首,,,,1,0,0,0,False,0,0,0,0,0,0,0,0,0
-0.962129,0.3593953,-1.113574,0.3926743,-0.8224934,-0.411475,右足首,,,,1,0,0,0,False,0,0,0,0,0,0,0,0,0
-0.9558289,0.3715988,-1.146137,0.9294496,-0.1905946,0.3159072,右足首,,,,1,0,0,0,False,0,0,0,0,0,0,0,0,0
-1.11088,0.2503542,-1.232513,-0.7758508,-0.6003955,0.193858,右足首,,,,1,0,0,0,False,0,0,0,0,0,0,0,0,0
-1.02858,0.2301998,-1.207328,0.04269589,-0.8579918,0.5118861,右足首,,,,1,0,0,0,False,0,0,0,0,0,0,0,0,0
-1.081822,0.22742,-1.305521,-0.6592928,-0.734082,-0.1626548,右足首,,,,1,0,0,0,False,0,0,0,0,0,0,0,0,0
-1.023146,0.1956257,-1.312034,0.04560761,-0.9924196,-0.1141196,右足首,,,,1,0,0,0,False,0,0,0,0,0,0,0,0,0
-0.8419761,0.3486691,-1.16647,0.8863135,-0.3433729,0.3107145,右足首,,,,1,0,0,0,False,0,0,0,0,0,0,0,0,0
-0.9046016,0.3364725,-1.151316,-0.1059719,-0.6801269,0.7253946,右足首,,,,1,0,0,0,False,0,0,0,0,0,0,0,0,0
-0.8070759,0.5140833,-1.127614,0.8839743,-0.1121872,0.4538762,右足首,,,,1,0,0,0,False,0,0,0,0,0,0,0,0,0
-0.7036391,0.9985794,-0.1474073,0.984411,-0.1109497,0.1364738,右足首,,,,1,0,0,0,False,0,0,0,0,0,0,0,0,0
-0.7157995,1.038276,0.06897391,0.9879797,-0.08579209,0.1285926,右足首,,,,1,0,0,0,False,0,0,0,0,0,0,0,0,0
-0.7257943,1.192896,0.03983339,0.9876422,0.08036899,0.13455,右足首,,,,1,0,0,0,False,0,0,0,0,0,0,0,0,0
-0.6968474,1.137337,-0.2346158,0.9924482,0.03977912,0.1160359,右足首,,,,1,0,0,0,False,0,0,0,0,0,0,0,0,0
-0.6660507,0.9307446,-0.3692636,0.9170229,-0.2186268,0.3335735,右足首,,,,1,0,0,0,False,0,0,0,0,0,0,0,0,0
-0.8050376,1.881148,-0.009591363,0.8801062,0.04088362,0.4730135,右ひざ,右足首,,,0.6,0.4,0,0,False,0,0,0,0,0,0,0,0,0
-0.7279677,1.595624,-0.1029826,0.919811,0.1206397,0.3733549,右ひざ,右足首,,,0.54,0.46,0,0,False,0,0,0,0,0,0,0,0,0
-0.8086494,1.601713,0.04708243,0.8546116,0.1535885,0.4960339,右ひざ,右足首,,,0.54,0.46,0,0,False,0,0,0,0,0,0,0,0,0
-1.061071,0.4291252,-1.186693,0.9895819,-0.03072987,0.1406531,右足首,,,,1,0,0,0,False,0,0,0,0,0,0,0,0,0
-1.075221,0.3627482,-1.104192,0.8317384,-0.3155514,0.4567699,右足首,,,,1,0,0,0,False,0,0,0,0,0,0,0,0,0
-1.059127,0.4813516,-1.140903,0.7663142,0.1382775,0.6274089,右足首,,,,1,0,0,0,False,0,0,0,0,0,0,0,0,0
-1.135054,0.3441499,-1.084572,0.06315269,-0.7130414,0.698272,右足首,,,,1,0,0,0,False,0,0,0,0,0,0,0,0,0
-1.062034,0.274039,-1.192753,0.8561503,-0.4634341,0.2285506,右足首,,,,1,0,0,0,False,0,0,0,0,0,0,0,0,0
-1.07054,0.3135042,-1.125786,0.7661918,-0.3429782,0.5434299,右足首,,,,1,0,0,0,False,0,0,0,0,0,0,0,0,0
-1.051945,0.3588631,-1.242423,0.9946049,-0.08839686,0.05428655,右足首,,,,1,0,0,0,False,0,0,0,0,0,0,0,0,0
-1.203451,0.3635148,-1.017539,-0.7300385,-0.655625,-0.1928723,右足首,,,,1,0,0,0,False,0,0,0,0,0,0,0,0,0
-1.222998,0.5161487,-1.047235,-0.9203273,0.09479523,0.3794886,右足首,,,,1,0,0,0,False,0,0,0,0,0,0,0,0,0
-1.23433,0.346506,-0.952363,-0.5849479,-0.8018291,-0.1220905,右足首,,,,1,0,0,0,False,0,0,0,0,0,0,0,0,0
-1.263278,0.364356,-0.9377254,0.2819397,-0.4464784,0.8492156,右足首,,,,1,0,0,0,False,0,0,0,0,0,0,0,0,0
-1.196754,0.3861283,-0.9678145,0.3767387,0.1936698,0.9058477,右足首,,,,1,0,0,0,False,0,0,0,0,0,0,0,0,0
-1.380823,0.4157296,-0.9603534,-0.9409639,-0.3381652,-0.01520873,右足首,,,,1,0,0,0,False,0,0,0,0,0,0,0,0,0
-1.311107,0.3733894,-0.9210345,-0.5291266,-0.7573183,0.3827457,右足首,,,,1,0,0,0,False,0,0,0,0,0,0,0,0,0
-1.358069,0.3582854,-1.006981,-0.8771841,-0.4703164,0.09669782,右足首,,,,1,0,0,0,False,0,0,0,0,0,0,0,0,0
-1.291269,0.3229309,-0.9458526,-0.2472014,-0.6259647,0.7396349,右足首,,,,1,0,0,0,False,0,0,0,0,0,0,0,0,0
-1.226769,0.3359366,-0.9603868,0.4977192,-0.4429999,0.745672,右足首,,,,1,0,0,0,False,0,0,0,0,0,0,0,0,0
-1.188145,0.3689049,-0.9953604,0.8848881,-0.1534126,0.4398155,右足首,,,,1,0,0,0,False,0,0,0,0,0,0,0,0,0
-1.275018,0.2747472,-0.9988608,-0.08656084,-0.8551276,0.5111399,右足首,,,,1,0,0,0,False,0,0,0,0,0,0,0,0,0
-1.265086,0.2531567,-1.080501,-0.2608176,-0.9626642,-0.07246879,右足首,,,,1,0,0,0,False,0,0,0,0,0,0,0,0,0
-1.326689,0.3027014,-1.042542,-0.7609777,-0.6468022,0.05059498,右足首,,,,1,0,0,0,False,0,0,0,0,0,0,0,0,0
-1.322653,0.336432,-1.098183,-0.8374617,-0.4514748,-0.307942,右足首,,,,1,0,0,0,False,0,0,0,0,0,0,0,0,0
-1.267485,0.2832719,-1.142868,-0.2115928,-0.9192832,-0.3318841,右足首,,,,1,0,0,0,False,0,0,0,0,0,0,0,0,0
-1.198662,0.2709778,-1.083832,0.5281668,-0.8484529,0.03417057,右足首,,,,1,0,0,0,False,0,0,0,0,0,0,0,0,0
-1.204231,0.2859966,-1.158348,0.5659432,-0.801153,-0.1945818,右足首,,,,1,0,0,0,False,0,0,0,0,0,0,0,0,0
-1.183678,0.4817402,-1.014766,0.7036221,0.2346185,0.6707236,右足首,,,,1,0,0,0,False,0,0,0,0,0,0,0,0,0
-1.20664,0.5221364,-1.058704,-0.41282,0.4851339,0.7708599,右足首,,,,1,0,0,0,False,0,0,0,0,0,0,0,0,0
-1.20664,0.5221364,-1.058704,0.4107161,0.4239818,0.8071876,右足首,,,,1,0,0,0,False,0,0,0,0,0,0,0,0,0
-1.36919,0.5156741,-0.9557907,-0.8671085,0.3853322,-0.3156613,右足首,,,,1,0,0,0,False,0,0,0,0,0,0,0,0,0
-1.338727,0.5566622,-0.9894358,-0.7333882,0.5717037,-0.3678271,右足首,,,,1,0,0,0,False,0,0,0,0,0,0,0,0,0
-1.366134,0.5699661,-0.8949947,-0.6821346,0.6247513,-0.3799713,右足首,,,,1,0,0,0,False,0,0,0,0,0,0,0,0,0
-1.242637,0.5907586,-1.050455,-0.2924272,0.8201609,-0.4917547,右足首,,,,1,0,0,0,False,0,0,0,0,0,0,0,0,0
-1.213374,0.5936141,-1.07231,-0.6955767,0.5559073,-0.4551267,右足首,,,,1,0,0,0,False,0,0,0,0,0,0,0,0,0
-1.249012,0.6377913,-0.9536659,-0.4932846,0.7492084,-0.4419923,右足首,,,,1,0,0,0,False,0,0,0,0,0,0,0,0,0
-1.222998,0.5161487,-1.047235,-0.9866536,0.1257278,0.103475,右足首,,,,1,0,0,0,False,0,0,0,0,0,0,0,0,0
-1.234405,0.4681476,-1.108541,-0.9708372,0.1816475,-0.1564586,右足首,,,,1,0,0,0,False,0,0,0,0,0,0,0,0,0
-1.222666,0.491647,-1.146731,0.1912733,0.4464084,-0.8741476,右足首,,,,1,0,0,0,False,0,0,0,0,0,0,0,0,0
-1.254389,0.4245465,-1.152946,-0.3251122,0.2388129,-0.9150248,右足首,,,,1,0,0,0,False,0,0,0,0,0,0,0,0,0
-1.195087,0.4361504,-1.153127,0.7324182,0.404348,-0.547783,右足首,,,,1,0,0,0,False,0,0,0,0,0,0,0,0,0
-1.084376,0.4115662,-1.297165,0.7841341,0.3246078,-0.5289268,右足首,,,,1,0,0,0,False,0,0,0,0,0,0,0,0,0
-1.08994,0.4890593,-1.259251,0.4771212,0.4847337,-0.733068,右足首,,,,1,0,0,0,False,0,0,0,0,0,0,0,0,0
-1.145452,0.4046754,-1.287072,-0.2893872,0.425713,-0.8573351,右足首,,,,1,0,0,0,False,0,0,0,0,0,0,0,0,0
-1.110576,0.6242879,-1.1184,-0.191109,0.7773373,-0.5993531,右足首,,,,1,0,0,0,False,0,0,0,0,0,0,0,0,0
-1.203717,0.5263064,-1.174332,-0.7407117,0.4823663,-0.4676205,右足首,,,,1,0,0,0,False,0,0,0,0,0,0,0,0,0
-1.096345,0.5590092,-1.202353,0.449577,0.7169594,-0.5327756,右足首,,,,1,0,0,0,False,0,0,0,0,0,0,0,0,0
-0.8526945,0.5148554,-1.131071,-0.9192302,-0.02865376,0.3926765,右足首,,,,1,0,0,0,False,0,0,0,0,0,0,0,0,0
-0.8538458,0.4400824,-1.139223,-0.9068095,-0.005405886,0.421506,右足首,,,,1,0,0,0,False,0,0,0,0,0,0,0,0,0
-1.255712,1.320432,0.2330009,-0.8834471,0.3465602,0.3153052,右足首,,,,1,0,0,0,False,0,0,0,0,0,0,0,0,0
-1.201985,1.279176,0.3806944,-0.6266555,0.4634988,0.6264757,右足首,,,,1,0,0,0,False,0,0,0,0,0,0,0,0,0
-1.293097,1.16894,0.2664106,-0.9322801,0.2470632,0.2642229,右足首,,,,1,0,0,0,False,0,0,0,0,0,0,0,0,0
-1.29969,1.215894,0.07718364,-0.9643533,0.12277,0.2344152,右足首,,,,1,0,0,0,False,0,0,0,0,0,0,0,0,0
-1.230596,1.459068,0.1554318,-0.7869165,0.2884076,0.5455122,右足首,右ひざ,,,0.68,0.32,0,0,False,0,0,0,0,0,0,0,0,0
-1.084376,0.4115662,-1.297165,0.7354657,0.3845713,-0.5578486,右足首,,,,1,0,0,0,False,0,0,0,0,0,0,0,0,0
-1.07875,0.3612628,-1.324426,0.3628686,0.3267894,-0.8726597,右足首,,,,1,0,0,0,False,0,0,0,0,0,0,0,0,0
-1.081244,0.3352438,-1.321087,0.6607118,-0.1150725,-0.741767,右足首,,,,1,0,0,0,False,0,0,0,0,0,0,0,0,0
-0.9509154,0.3596078,-1.110157,-0.3878517,-0.8814566,-0.2694539,右足首,,,,1,0,0,0,False,0,0,0,0,0,0,0,0,0
-0.980229,0.546559,-1.181443,0.9625969,0.102951,0.2506162,右足首,,,,1,0,0,0,False,0,0,0,0,0,0,0,0,0
-0.7484025,1.850523,-0.1501213,0.9956211,0.0930827,0.00862011,右ひざ,右足首,,,0.6,0.4,0,0,False,0,0,0,0,0,0,0,0,0
-0.7279677,1.595624,-0.1029826,0.9971583,0.07532824,-0.00093467,右ひざ,右足首,,,0.54,0.46,0,0,False,0,0,0,0,0,0,0,0,0
-0.8050376,1.881148,-0.009591363,0.9574806,0.06189832,0.281779,右ひざ,右足首,,,0.6,0.4,0,0,False,0,0,0,0,0,0,0,0,0
0.9202755,0.3114073,-1.424284,-0.06553994,0.4426066,-0.8943176,左足首,,,,1,0,0,0,False,0,0,0,0,0,0,0,0,0
0.9204842,0.3049515,-1.425855,0.1232937,0.01658087,-0.9922317,左足首,,,,1,0,0,0,False,0,0,0,0,0,0,0,0,0
0.7730655,0.3988722,-1.320258,0.03961039,0.7645755,-0.6433159,左足首,,,,1,0,0,0,False,0,0,0,0,0,0,0,0,0
0.721649,0.3883992,-1.326427,-0.3368887,0.7160712,-0.6113494,左足首,,,,1,0,0,0,False,0,0,0,0,0,0,0,0,0
0.750512,0.3358885,-1.434916,-0.2005997,0.6718143,-0.7130395,左足首,,,,1,0,0,0,False,0,0,0,0,0,0,0,0,0
0.7944505,0.341478,-1.427671,0.3733435,0.6671351,-0.6446282,左足首,,,,1,0,0,0,False,0,0,0,0,0,0,0,0,0
0.7956657,0.3349946,-1.431672,0.3034199,0.4378628,-0.8462935,左足首,,,,1,0,0,0,False,0,0,0,0,0,0,0,0,0
0.7521397,0.3296841,-1.438994,-0.2013392,0.3545732,-0.9130938,左足首,,,,1,0,0,0,False,0,0,0,0,0,0,0,0,0
0.7583288,5.695735,0.4478158,-0.388812,0.0486733,0.9200305,左ひざ,,,,1,0,0,0,False,0,0,0,0,0,0,0,0,0
1.056023,5.720109,0.4957435,0.08739658,0.08989611,0.9921091,左ひざ,,,,1,0,0,0,False,0,0,0,0,0,0,0,0,0
1.072805,4.942442,0.540708,0.08498195,0.004034779,0.9963744,左ひざ,,,,1,0,0,0,False,0,0,0,0,0,0,0,0,0
0.7961086,4.920548,0.4831083,-0.3670031,-0.01938462,0.9300178,左ひざ,,,,1,0,0,0,False,0,0,0,0,0,0,0,0,0
0.5916776,4.90231,0.3254108,-0.6902974,-0.04673861,0.7220145,左ひざ,,,,1,0,0,0,False,0,0,0,0,0,0,0,0,0
0.5302775,5.676624,0.3039769,-0.7563368,-0.0105725,0.654097,左ひざ,,,,1,0,0,0,False,0,0,0,0,0,0,0,0,0
0.8316451,4.341533,0.4709042,-0.4111282,-0.09965081,0.9061144,左ひざ,,,,1,0,0,0,False,0,0,0,0,0,0,0,0,0
1.329747,5.739108,0.4043412,0.5507042,0.05865101,0.8326374,左ひざ,,,,1,0,0,0,False,0,0,0,0,0,0,0,0,0
1.337874,4.960638,0.4409546,0.5852684,0.008946322,0.8107904,左ひざ,,,,1,0,0,0,False,0,0,0,0,0,0,0,0,0
1.335324,4.378556,0.4178424,0.5479277,-0.06416265,0.8340615,左ひざ,,,,1,0,0,0,False,0,0,0,0,0,0,0,0,0
1.08427,4.361336,0.5131425,0.1010233,-0.08142751,0.9915463,左ひざ,,,,1,0,0,0,False,0,0,0,0,0,0,0,0,0
1.101216,3.791522,0.4408075,0.1062349,-0.163447,0.9808156,左ひざ,,,,1,0,0,0,False,0,0,0,0,0,0,0,0,0
0.8641596,3.772765,0.3914357,-0.3971838,-0.1603942,0.9036143,左ひざ,,,,1,0,0,0,False,0,0,0,0,0,0,0,0,0
0.4906934,4.89045,0.1644295,-0.9395463,-0.09264242,0.3296516,左ひざ,,,,1,0,0,0,False,0,0,0,0,0,0,0,0,0
0.6224555,3.747941,0.02306167,-0.9900649,-0.1406094,0.0008383768,左ひざ,,,,1,0,0,0,False,0,0,0,0,0,0,0,0,0
0.5528105,4.31232,0.01379775,-0.9901162,-0.1266788,-0.0601864,左ひざ,,,,1,0,0,0,False,0,0,0,0,0,0,0,0,0
1.324349,3.806709,0.3495714,0.6020402,-0.1286598,0.7880319,左ひざ,,,,1,0,0,0,False,0,0,0,0,0,0,0,0,0
1.272303,3.11909,0.2332447,0.5960972,-0.1756556,0.7834623,左ひざ,,,,1,0,0,0,False,0,0,0,0,0,0,0,0,0
1.098183,3.108697,0.3032044,0.087859,-0.1756973,0.9805158,左ひざ,,,,1,0,0,0,False,0,0,0,0,0,0,0,0,0
0.9080399,3.09413,0.287224,-0.3577883,-0.1706847,0.9180709,左ひざ,,,,1,0,0,0,False,0,0,0,0,0,0,0,0,0
0.7539655,3.080076,0.1618641,-0.8147575,-0.1545442,0.5588259,左ひざ,,,,1,0,0,0,False,0,0,0,0,0,0,0,0,0
0.4791827,4.887586,-0.02038645,-0.988374,-0.1135642,-0.1010947,左ひざ,,,,1,0,0,0,False,0,0,0,0,0,0,0,0,0
0.7145311,3.074763,0.02363605,-0.9902925,-0.1211057,0.06822143,左ひざ,,,,1,0,0,0,False,0,0,0,0,0,0,0,0,0
0.4039603,5.660882,-0.06643787,-0.9814671,-0.07931848,-0.1744447,左ひざ,,,,1,0,0,0,False,0,0,0,0,0,0,0,0,0
0.4199743,5.665551,0.1271567,-0.9701639,-0.05138848,0.2369412,左ひざ,,,,1,0,0,0,False,0,0,0,0,0,0,0,0,0
0.9425504,2.581379,0.2017094,-0.325893,-0.1332425,0.9359702,左ひざ,,,,1,0,0,0,False,0,0,0,0,0,0,0,0,0
0.8164714,2.569841,0.1143728,-0.7849842,-0.1266602,0.6064298,左ひざ,,,,1,0,0,0,False,0,0,0,0,0,0,0,0,0
0.7720277,2.564471,-0.009056577,-0.9809177,-0.1065466,0.1626292,左ひざ,,,,1,0,0,0,False,0,0,0,0,0,0,0,0,0
0.8693278,2.097335,0.09802239,-0.8270454,-0.1055365,0.5521393,左ひざ,,,,1,0,0,0,False,0,0,0,0,0,0,0,0,0
0.8170882,2.091233,-0.02271668,-0.9808307,-0.08060853,0.1774078,左ひざ,,,,1,0,0,0,False,0,0,0,0,0,0,0,0,0
0.9766748,2.106651,0.1662564,-0.37291,-0.09136552,0.9233583,左ひざ,,,,1,0,0,0,False,0,0,0,0,0,0,0,0,0
0.8170882,2.091233,-0.02271668,-0.93612,-0.07018092,0.344607,左ひざ,,,,1,0,0,0,False,0,0,0,0,0,0,0,0,0
0.8693278,2.097335,0.09802239,-0.6751669,-0.09690954,0.7312717,左ひざ,,,,1,0,0,0,False,0,0,0,0,0,0,0,0,0
0.8902322,1.899295,0.09299421,-0.7915834,0.01914866,0.610761,左ひざ,左足首,,,0.6,0.4,0,0,False,0,0,0,0,0,0,0,0,0
0.9002941,1.622554,0.1548533,-0.7118622,0.2149734,0.6686095,左ひざ,左足首,,,0.54,0.46,0,0,False,0,0,0,0,0,0,0,0,0
0.9766748,2.106651,0.1662564,-0.0871217,-0.1177556,0.9892135,左ひざ,,,,1,0,0,0,False,0,0,0,0,0,0,0,0,0
0.9953301,1.918801,0.1562215,-0.1981877,0.08719285,0.9762781,左ひざ,左足首,,,0.6,0.4,0,0,False,0,0,0,0,0,0,0,0,0
1.111114,2.116768,0.1651954,0.3153046,-0.1837254,0.931036,左ひざ,,,,1,0,0,0,False,0,0,0,0,0,0,0,0,0
1.121142,1.917283,0.1224339,0.482841,-0.03615802,0.8749612,左ひざ,左足首,,,0.6,0.4,0,0,False,0,0,0,0,0,0,0,0,0
1.111114,2.116768,0.1651954,0.2664128,-0.09713217,0.9589524,左ひざ,,,,1,0,0,0,False,0,0,0,0,0,0,0,0,0
1.101326,2.593612,0.2163641,0.2001076,-0.1506751,0.9681188,左ひざ,,,,1,0,0,0,False,0,0,0,0,0,0,0,0,0
1.107079,1.631514,0.1800641,0.5418079,0.2860937,0.7903129,左ひざ,左足首,,,0.54,0.46,0,0,False,0,0,0,0,0,0,0,0,0
1.147016,1.443435,0.2479312,0.6504954,0.3942507,0.6491703,左足首,左ひざ,,,0.68,0.32,0,0,False,0,0,0,0,0,0,0,0,0
0.8872818,1.415569,0.2254341,-0.6928607,0.3338889,0.6391106,左足首,左ひざ,,,0.68,0.32,0,0,False,0,0,0,0,0,0,0,0,0
0.8144681,1.400133,0.1349585,-0.8631957,0.252482,0.4372025,左足首,,,,1,0,0,0,False,0,0,0,0,0,0,0,0,0
1.238775,2.124766,0.07442506,0.7073932,-0.1702114,0.6860197,左ひざ,,,,1,0,0,0,False,0,0,0,0,0,0,0,0,0
1.246964,2.602966,0.1317897,0.6850487,-0.1303772,0.7167358,左ひざ,,,,1,0,0,0,False,0,0,0,0,0,0,0,0,0
1.238775,2.124766,0.07442506,0.7674598,-0.09896223,0.633413,左ひざ,,,,1,0,0,0,False,0,0,0,0,0,0,0,0,0
1.335519,2.607373,0.005167823,0.9387621,-0.100753,0.3295066,左ひざ,,,,1,0,0,0,False,0,0,0,0,0,0,0,0,0
1.316144,2.128173,-0.06094457,0.9765893,-0.07421433,0.2019053,左ひざ,,,,1,0,0,0,False,0,0,0,0,0,0,0,0,0
1.371826,3.124085,0.09334091,0.9195632,-0.1450951,0.3651726,左ひざ,,,,1,0,0,0,False,0,0,0,0,0,0,0,0,0
1.455577,3.813544,0.1788378,0.9162118,-0.1166354,0.3833436,左ひざ,,,,1,0,0,0,False,0,0,0,0,0,0,0,0,0
1.258211,1.457173,0.07140046,0.805106,0.083451,0.587231,左足首,,,,1,0,0,0,False,0,0,0,0,0,0,0,0,0
1.29566,1.290145,-0.01048283,0.9495728,-0.1722846,0.2619723,左足首,,,,1,0,0,0,False,0,0,0,0,0,0,0,0,0
1.338733,1.470208,-0.04382738,0.9378592,0.07230095,0.3394005,左足首,,,,1,0,0,0,False,0,0,0,0,0,0,0,0,0
1.329044,1.364553,-0.02461619,0.9512629,-0.1454926,0.2719023,左足首,,,,1,0,0,0,False,0,0,0,0,0,0,0,0,0
1.32688,1.337586,-0.1451481,0.9708386,-0.2310047,0.06410383,左足首,,,,1,0,0,0,False,0,0,0,0,0,0,0,0,0
1.302101,1.251078,-0.1368164,0.9828377,-0.1560615,0.09836145,左足首,,,,1,0,0,0,False,0,0,0,0,0,0,0,0,0
1.327397,1.612167,-0.06956984,0.9878386,0.1040631,0.1155236,左ひざ,左足首,,,0.54,0.46,0,0,False,0,0,0,0,0,0,0,0,0
1.329515,1.451435,-0.1611367,0.9967424,0.009638874,-0.08007313,左足首,,,,1,0,0,0,False,0,0,0,0,0,0,0,0,0
1.311308,1.594763,-0.1818808,0.9847646,0.0813802,-0.1536753,左足首,左ひざ,,,0.68,0.32,0,0,False,0,0,0,0,0,0,0,0,0
1.304715,1.891557,-0.09577331,0.9659544,-0.001642725,0.2587073,左ひざ,左足首,,,0.6,0.4,0,0,False,0,0,0,0,0,0,0,0,0
1.289065,1.86999,-0.2168492,0.991048,0.006254871,-0.1333589,左ひざ,左足首,,,0.6,0.4,0,0,False,0,0,0,0,0,0,0,0,0
1.316144,2.128173,-0.06094457,0.9240459,-0.1149495,0.3645899,左ひざ,,,,1,0,0,0,False,0,0,0,0,0,0,0,0,0
1.318868,2.125843,-0.2024364,0.9957897,-0.0802926,-0.04422681,左ひざ,,,,1,0,0,0,False,0,0,0,0,0,0,0,0,0
1.348376,2.605546,-0.1580294,0.9955444,-0.0731097,0.05955078,左ひざ,,,,1,0,0,0,False,0,0,0,0,0,0,0,0,0
1.318868,2.125843,-0.2024364,0.9977921,-0.06325215,0.0202539,左ひざ,,,,1,0,0,0,False,0,0,0,0,0,0,0,0,0
1.398283,3.124363,-0.09636655,0.9865155,-0.1136311,0.1177932,左ひざ,,,,1,0,0,0,False,0,0,0,0,0,0,0,0,0
1.49013,3.812328,-0.03439121,0.9818886,-0.1130578,0.1520292,左ひざ,,,,1,0,0,0,False,0,0,0,0,0,0,0,0,0
1.485005,4.386424,0.2271658,0.902066,-0.05255154,0.4283871,左ひざ,,,,1,0,0,0,False,0,0,0,0,0,0,0,0,0
1.517784,4.384826,0.0001133958,0.9875681,-0.05092447,0.1487137,左ひざ,,,,1,0,0,0,False,0,0,0,0,0,0,0,0,0
1.497347,4.969034,0.2384979,0.8874649,0.001978314,0.460871,左ひざ,,,,1,0,0,0,False,0,0,0,0,0,0,0,0,0
1.536232,4.967796,0.005831598,0.9876246,-0.01114384,0.1564399,左ひざ,,,,1,0,0,0,False,0,0,0,0,0,0,0,0,0
1.497962,5.748373,0.2136274,0.9330648,0.01425777,0.3594257,左ひざ,,,,1,0,0,0,False,0,0,0,0,0,0,0,0,0
1.533504,5.746936,-0.01605708,0.9879565,0.02486644,0.152721,左ひざ,,,,1,0,0,0,False,0,0,0,0,0,0,0,0,0
1.444485,5.736414,-0.2286947,0.880927,-0.005746055,-0.4732173,左ひざ,,,,1,0,0,0,False,0,0,0,0,0,0,0,0,0
1.441259,4.956682,-0.2148253,0.8660041,-0.01534429,-0.4998016,左ひざ,,,,1,0,0,0,False,0,0,0,0,0,0,0,0,0
1.536232,4.967796,0.005831598,0.9200076,-0.0145471,-0.3916305,左ひざ,,,,1,0,0,0,False,0,0,0,0,0,0,0,0,0
1.533504,5.746936,-0.01605708,0.9223706,0.003454365,-0.3862908,左ひざ,,,,1,0,0,0,False,0,0,0,0,0,0,0,0,0
1.431236,4.374324,-0.2218388,0.87416,-0.006764007,-0.4855911,左ひざ,,,,1,0,0,0,False,0,0,0,0,0,0,0,0,0
1.517784,4.384826,0.0001133958,0.9275687,-0.02002001,-0.373116,左ひざ,,,,1,0,0,0,False,0,0,0,0,0,0,0,0,0
1.29876,5.721819,-0.427007,0.6892992,-0.05093799,-0.7226838,左ひざ,,,,1,0,0,0,False,0,0,0,0,0,0,0,0,0
1.291594,4.941967,-0.4062781,0.653713,-0.01304604,-0.7566302,左ひざ,,,,1,0,0,0,False,0,0,0,0,0,0,0,0,0
1.051202,5.699706,-0.5582877,0.2042451,-0.08359649,-0.9753438,左ひざ,,,,1,0,0,0,False,0,0,0,0,0,0,0,0,0
1.072379,4.923148,-0.5342044,0.2115945,-0.02006912,-0.9771515,左ひざ,,,,1,0,0,0,False,0,0,0,0,0,0,0,0,0
0.7968295,5.681505,-0.5333576,-0.3887879,-0.09406754,-0.9165126,左ひざ,,,,1,0,0,0,False,0,0,0,0,0,0,0,0,0
0.8442788,4.90638,-0.5102558,-0.3314292,-0.05207154,-0.9420422,左ひざ,,,,1,0,0,0,False,0,0,0,0,0,0,0,0,0
1.286949,4.360113,-0.407886,0.6625468,0.009704074,-0.7489577,左ひざ,,,,1,0,0,0,False,0,0,0,0,0,0,0,0,0
1.090049,4.343242,-0.5209154,0.1757344,-0.009195962,-0.9843947,左ひざ,,,,1,0,0,0,False,0,0,0,0,0,0,0,0,0
0.8849468,4.3284,-0.48625,-0.4117036,-0.04756782,-0.9100756,左ひざ,,,,1,0,0,0,False,0,0,0,0,0,0,0,0,0
0.6049923,5.674572,-0.3989258,-0.7027001,-0.09396147,-0.7052544,左ひざ,,,,1,0,0,0,False,0,0,0,0,0,0,0,0,0
0.6798716,4.896312,-0.3803938,-0.6683186,-0.0777688,-0.7397988,左ひざ,,,,1,0,0,0,False,0,0,0,0,0,0,0,0,0
1.097982,3.774067,-0.5196589,0.1218574,-0.02850599,-0.9921383,左ひざ,,,,1,0,0,0,False,0,0,0,0,0,0,0,0,0
1.294293,3.790581,-0.4240612,0.6493892,-0.0226685,-0.7601183,左ひざ,,,,1,0,0,0,False,0,0,0,0,0,0,0,0,0
1.067157,3.09173,-0.4922099,0.08684401,-0.009074262,-0.9961805,左ひざ,,,,1,0,0,0,False,0,0,0,0,0,0,0,0,0
1.231239,3.105823,-0.4164313,0.617065,-0.02938333,-0.7863634,左ひざ,,,,1,0,0,0,False,0,0,0,0,0,0,0,0,0
0.9121835,3.760821,-0.4771379,-0.4774231,-0.04216642,-0.8776612,左ひざ,,,,1,0,0,0,False,0,0,0,0,0,0,0,0,0
1.42124,3.803377,-0.2440382,0.8923199,-0.03790161,-0.4498096,左ひざ,,,,1,0,0,0,False,0,0,0,0,0,0,0,0,0
1.49013,3.812328,-0.03439121,0.9439382,-0.04218825,-0.3274155,左ひざ,,,,1,0,0,0,False,0,0,0,0,0,0,0,0,0
1.34599,3.11718,-0.2736584,0.8919353,-0.06033197,-0.4481199,左ひざ,,,,1,0,0,0,False,0,0,0,0,0,0,0,0,0
0.7308374,4.318963,-0.3645598,-0.7437114,-0.09566458,-0.6616204,左ひざ,,,,1,0,0,0,False,0,0,0,0,0,0,0,0,0
0.7830973,3.753567,-0.3388421,-0.7957922,-0.05324673,-0.6032245,左ひざ,,,,1,0,0,0,False,0,0,0,0,0,0,0,0,0
0.4757674,5.663037,-0.2478903,-0.8494151,-0.0730052,-0.5226513,左ひざ,,,,1,0,0,0,False,0,0,0,0,0,0,0,0,0
0.539424,4.888552,-0.2225585,-0.8685184,-0.1032925,-0.4847749,左ひざ,,,,1,0,0,0,False,0,0,0,0,0,0,0,0,0
0.6040404,4.31251,-0.1911602,-0.9149831,-0.1338568,-0.3806421,左ひざ,,,,1,0,0,0,False,0,0,0,0,0,0,0,0,0
0.6845797,3.749228,-0.1664812,-0.9193006,-0.09930983,-0.3808205,左ひざ,,,,1,0,0,0,False,0,0,0,0,0,0,0,0,0
0.7902269,3.074233,-0.3187997,-0.8856801,-0.04893209,-0.4617103,左ひざ,,,,1,0,0,0,False,0,0,0,0,0,0,0,0,0
0.8993432,3.080001,-0.4498903,-0.5824197,-0.01101498,-0.8128136,左ひざ,,,,1,0,0,0,False,0,0,0,0,0,0,0,0,0
0.7314649,3.072598,-0.153172,-0.9809912,-0.08132195,-0.1761902,左ひざ,,,,1,0,0,0,False,0,0,0,0,0,0,0,0,0
0.8215982,2.562831,-0.3239547,-0.8974017,-0.02962399,-0.4402187,左ひざ,,,,1,0,0,0,False,0,0,0,0,0,0,0,0,0
0.9106567,2.567052,-0.4630629,-0.5542024,-0.006421316,-0.8323572,左ひざ,,,,1,0,0,0,False,0,0,0,0,0,0,0,0,0
0.7748735,2.562105,-0.1673595,-0.9885715,-0.06670412,-0.1351924,左ひざ,,,,1,0,0,0,False,0,0,0,0,0,0,0,0,0
0.8326291,2.087042,-0.3219775,-0.925369,-0.02302666,-0.3783676,左ひざ,,,,1,0,0,0,False,0,0,0,0,0,0,0,0,0
0.9078804,2.090495,-0.4459189,-0.7231621,-0.02349513,-0.6902787,左ひざ,,,,1,0,0,0,False,0,0,0,0,0,0,0,0,0
1.053665,2.577096,-0.503773,0.0526564,0.003945094,-0.9986049,左ひざ,,,,1,0,0,0,False,0,0,0,0,0,0,0,0,0
1.038828,2.099394,-0.500214,-0.101769,-0.01695606,-0.9946636,左ひざ,,,,1,0,0,0,False,0,0,0,0,0,0,0,0,0
0.9078804,2.090495,-0.4459189,-0.5825131,0.01523182,-0.8126787,左ひざ,,,,1,0,0,0,False,0,0,0,0,0,0,0,0,0
0.8828738,1.815507,-0.4296404,-0.6790928,0.0165728,-0.7338653,左ひざ,左足首,,,0.6,0.4,0,0,False,0,0,0,0,0,0,0,0,0
1.004707,1.81507,-0.489139,-0.02552425,-0.05603597,-0.9981024,左ひざ,左足首,,,0.6,0.4,0,0,False,0,0,0,0,0,0,0,0,0
1.038828,2.099394,-0.500214,0.1310511,-0.05616166,-0.9897835,左ひざ,,,,1,0,0,0,False,0,0,0,0,0,0,0,0,0
1.13451,1.828077,-0.4367577,0.5371038,-0.0928388,-0.8383917,左ひざ,左足首,,,0.6,0.4,0,0,False,0,0,0,0,0,0,0,0,0
1.170462,2.110245,-0.4485171,0.621438,-0.1033437,-0.7766177,左ひざ,,,,1,0,0,0,False,0,0,0,0,0,0,0,0,0
0.8326291,2.087042,-0.3219775,-0.9268667,0.05304315,-0.3716244,左ひざ,,,,1,0,0,0,False,0,0,0,0,0,0,0,0,0
0.8116884,1.833666,-0.3023791,-0.9228035,0.04889112,-0.3821562,左ひざ,左足首,,,0.6,0.4,0,0,False,0,0,0,0,0,0,0,0,0
0.7965698,2.087082,-0.1680392,-0.9912218,-0.03809264,-0.1266024,左ひざ,,,,1,0,0,0,False,0,0,0,0,0,0,0,0,0
0.7965698,2.087082,-0.1680392,-0.994823,0.0395943,0.0935917,左ひざ,,,,1,0,0,0,False,0,0,0,0,0,0,0,0,0
0.7905928,1.581228,-0.2765924,-0.9548131,0.1061811,-0.2775923,左ひざ,左足首,,,0.54,0.46,0,0,False,0,0,0,0,0,0,0,0,0
0.8599991,1.593097,-0.416195,-0.6936768,0.1118274,-0.7115526,左足首,左ひざ,,,0.68,0.32,0,0,False,0,0,0,0,0,0,0,0,0
0.9822571,1.602808,-0.473279,-0.03622593,0.03658425,-0.9986737,左足首,左ひざ,,,0.68,0.32,0,0,False,0,0,0,0,0,0,0,0,0
1.109528,1.596683,-0.4231082,0.4753729,-0.03895124,-0.8789217,左足首,左ひざ,,,0.68,0.32,0,0,False,0,0,0,0,0,0,0,0,0
0.9561179,1.414036,-0.4991546,-0.03849307,0.3060811,-0.951227,左足首,,,,1,0,0,0,False,0,0,0,0,0,0,0,0,0
1.091926,1.403483,-0.4472125,0.5396338,0.1827542,-0.821825,左足首,,,,1,0,0,0,False,0,0,0,0,0,0,0,0,0
1.092609,1.184876,-0.5516976,0.4956723,0.42395,-0.7580075,左足首,,,,1,0,0,0,False,0,0,0,0,0,0,0,0,0
1.207473,1.147457,-0.4505848,0.8036482,0.3153597,-0.504676,左足首,,,,1,0,0,0,False,0,0,0,0,0,0,0,0,0
1.263341,1.123636,-0.2990478,0.9589819,0.1641298,-0.2311173,左足首,,,,1,0,0,0,False,0,0,0,0,0,0,0,0,0
1.302101,1.251078,-0.1368164,0.9494254,-0.08070234,-0.3034447,左足首,,,,1,0,0,0,False,0,0,0,0,0,0,0,0,0
1.295391,1.122529,-0.1302246,0.9803027,0.06734453,-0.1856651,左足首,,,,1,0,0,0,False,0,0,0,0,0,0,0,0,0
1.329537,0.9508003,-0.1327374,0.9725312,0.2138592,-0.09190951,左足首,,,,1,0,0,0,False,0,0,0,0,0,0,0,0,0
1.311308,1.594763,-0.1818808,0.8262582,0.009316422,-0.5632145,左足首,左ひざ,,,0.68,0.32,0,0,False,0,0,0,0,0,0,0,0,0
1.289065,1.86999,-0.2168492,0.9091625,-0.06377256,-0.4115296,左ひざ,左足首,,,0.6,0.4,0,0,False,0,0,0,0,0,0,0,0,0
1.318868,2.125843,-0.2024364,0.9419715,-0.09153156,-0.3229732,左ひざ,,,,1,0,0,0,False,0,0,0,0,0,0,0,0,0
1.272681,2.119977,-0.3354822,0.8827035,-0.1029317,-0.4585189,左ひざ,,,,1,0,0,0,False,0,0,0,0,0,0,0,0,0
1.272681,2.119977,-0.3354822,0.8318107,-0.04255321,-0.5534259,左ひざ,,,,1,0,0,0,False,0,0,0,0,0,0,0,0,0
1.303051,2.599175,-0.3228677,0.8824033,-0.03192255,-0.4694096,左ひざ,,,,1,0,0,0,False,0,0,0,0,0,0,0,0,0
1.199325,2.589115,-0.446882,0.5871046,-0.01090306,-0.8094378,左ひざ,,,,1,0,0,0,False,0,0,0,0,0,0,0,0,0
1.170462,2.110245,-0.4485171,0.5035536,-0.02719327,-0.8635359,左ひざ,,,,1,0,0,0,False,0,0,0,0,0,0,0,0,0
1.318868,2.125843,-0.2024364,0.9545943,-0.04310016,-0.2947748,左ひざ,,,,1,0,0,0,False,0,0,0,0,0,0,0,0,0
1.348376,2.605546,-0.1580294,0.9618869,-0.04954965,-0.268921,左ひざ,,,,1,0,0,0,False,0,0,0,0,0,0,0,0,0
1.398283,3.124363,-0.09636655,0.9538321,-0.08349705,-0.2885007,左ひざ,,,,1,0,0,0,False,0,0,0,0,0,0,0,0,0
1.040166,0.3250088,-1.403718,0.001190421,0.2006437,-0.9796635,左足首,,,,1,0,0,0,False,0,0,0,0,0,0,0,0,0
1.040058,0.3196174,-1.403284,0.1923574,-0.1965676,-0.9614363,左足首,,,,1,0,0,0,False,0,0,0,0,0,0,0,0,0
1.237058,0.3575975,-1.18073,0.1282687,0.2299859,-0.9647039,左足首,,,,1,0,0,0,False,0,0,0,0,0,0,0,0,0
1.236413,0.3522459,-1.180676,0.004395266,-0.26567,-0.9640541,左足首,,,,1,0,0,0,False,0,0,0,0,0,0,0,0,0
1.143809,0.3222353,-1.318969,0.1450625,0.1908913,-0.9708334,左足首,,,,1,0,0,0,False,0,0,0,0,0,0,0,0,0
1.143721,0.3167626,-1.318602,0.1743656,-0.1929548,-0.9655906,左足首,,,,1,0,0,0,False,0,0,0,0,0,0,0,0,0
0.6880515,0.4883597,-1.208912,-0.5862156,0.6231958,-0.5176661,左足首,,,,1,0,0,0,False,0,0,0,0,0,0,0,0,0
0.6947806,0.4404821,-1.27059,-0.5024784,0.6222397,-0.6002777,左足首,,,,1,0,0,0,False,0,0,0,0,0,0,0,0,0
0.7710549,0.4630446,-1.270882,0.08320485,0.7198543,-0.6891202,左足首,,,,1,0,0,0,False,0,0,0,0,0,0,0,0,0
0.7612346,0.5146168,-1.215202,-0.05465663,0.7581773,-0.6497536,左足首,,,,1,0,0,0,False,0,0,0,0,0,0,0,0,0
0.813229,0.5000196,-1.202784,0.7597695,0.5050569,-0.4094727,左足首,,,,1,0,0,0,False,0,0,0,0,0,0,0,0,0
0.8260081,0.444354,-1.253629,0.7520399,0.5447916,-0.3709962,左足首,,,,1,0,0,0,False,0,0,0,0,0,0,0,0,0
0.8617082,0.3456195,-1.208606,0.9927435,0.1076064,0.05367634,左足首,,,,1,0,0,0,False,0,0,0,0,0,0,0,0,0
0.7871416,0.7992821,-0.8672152,-0.3856837,0.6837186,-0.6194974,左足首,,,,1,0,0,0,False,0,0,0,0,0,0,0,0,0
0.9444565,0.8200893,-0.8676413,0.06759842,0.6636171,-0.745012,左足首,,,,1,0,0,0,False,0,0,0,0,0,0,0,0,0
0.9361237,1.01164,-0.7290887,-0.01407124,0.5648902,-0.8250461,左足首,,,,1,0,0,0,False,0,0,0,0,0,0,0,0,0
0.7840427,0.9743672,-0.7169142,-0.506125,0.5496736,-0.6646025,左足首,,,,1,0,0,0,False,0,0,0,0,0,0,0,0,0
1.099476,0.7826321,-0.8389378,0.4065685,0.6470931,-0.6449593,左足首,,,,1,0,0,0,False,0,0,0,0,0,0,0,0,0
1.092048,0.9801085,-0.6933467,0.4627372,0.5142342,-0.7221063,左足首,,,,1,0,0,0,False,0,0,0,0,0,0,0,0,0
0.9478492,1.209343,-0.6023849,0.01731551,0.519018,-0.8545879,左足首,,,,1,0,0,0,False,0,0,0,0,0,0,0,0,0
0.6810812,0.8886089,-0.6440491,-0.8373095,0.4637029,-0.2896419,左足首,,,,1,0,0,0,False,0,0,0,0,0,0,0,0,0
0.833978,0.3896115,-1.317983,0.7021163,0.5558438,-0.4450511,左足首,,,,1,0,0,0,False,0,0,0,0,0,0,0,0,0
0.858547,0.2956528,-1.285215,0.9925821,0.04707954,-0.112091,左足首,,,,1,0,0,0,False,0,0,0,0,0,0,0,0,0
0.7788484,0.4250696,-1.304187,0.08989632,0.6571589,-0.7483721,左足首,,,,1,0,0,0,False,0,0,0,0,0,0,0,0,0
0.8365777,0.3234448,-1.396863,0.8603844,0.1106836,-0.4974816,左足首,,,,1,0,0,0,False,0,0,0,0,0,0,0,0,0
0.8053669,0.3201199,-1.43275,0.5127318,-0.06131918,-0.8563562,左足首,,,,1,0,0,0,False,0,0,0,0,0,0,0,0,0
0.7071152,0.4077986,-1.309765,-0.36414,0.5594366,-0.7446024,左足首,,,,1,0,0,0,False,0,0,0,0,0,0,0,0,0
0.7550451,0.3132125,-1.442987,-0.1488068,-0.0616303,-0.986944,左足首,,,,1,0,0,0,False,0,0,0,0,0,0,0,0,0
0.6388913,0.384246,-1.239514,-0.8729761,0.316029,-0.3715353,左足首,,,,1,0,0,0,False,0,0,0,0,0,0,0,0,0
0.6363854,0.4268813,-1.170539,-0.9278263,0.2963204,-0.2265668,左足首,,,,1,0,0,0,False,0,0,0,0,0,0,0,0,0
0.6268748,0.3660406,-1.119342,-0.9620707,-0.2563668,0.09325217,左足首,,,,1,0,0,0,False,0,0,0,0,0,0,0,0,0
0.6316718,0.3222341,-1.195063,-0.9629518,-0.2637266,-0.0563221,左足首,,,,1,0,0,0,False,0,0,0,0,0,0,0,0,0
0.6404727,0.4856353,-1.089027,-0.9261875,0.290695,-0.2401522,左足首,,,,1,0,0,0,False,0,0,0,0,0,0,0,0,0
0.6224243,0.4191457,-1.040708,-0.9677545,-0.1785401,-0.177693,左足首,,,,1,0,0,0,False,0,0,0,0,0,0,0,0,0
0.5547385,0.484201,-0.9253566,-0.9647563,-0.1169904,-0.2357088,左足首,,,,1,0,0,0,False,0,0,0,0,0,0,0,0,0
0.5521989,0.5779389,-0.7734011,-0.983174,0.1817064,0.01875474,左足首,,,,1,0,0,0,False,0,0,0,0,0,0,0,0,0
0.5840418,0.7006004,-0.5885665,-0.9618445,0.08529446,0.2599615,左足首,,,,1,0,0,0,False,0,0,0,0,0,0,0,0,0
1.236047,0.7208889,-0.7942979,0.5819969,0.6512884,-0.4869322,左足首,,,,1,0,0,0,False,0,0,0,0,0,0,0,0,0
1.107792,0.6474534,-0.9984982,0.3547737,0.7967494,-0.4892095,左足首,,,,1,0,0,0,False,0,0,0,0,0,0,0,0,0
1.355283,0.640596,-0.7448984,0.8531299,0.4563718,-0.2527732,左足首,,,,1,0,0,0,False,0,0,0,0,0,0,0,0,0
1.060771,0.5958892,-1.131094,0.3656105,0.734087,-0.5722284,左足首,,,,1,0,0,0,False,0,0,0,0,0,0,0,0,0
1.100758,0.3704933,-1.256148,0.9980586,0.06161083,0.00912208,左足首,,,,1,0,0,0,False,0,0,0,0,0,0,0,0,0
1.093536,0.4552564,-1.188228,0.9980015,0.06302808,0.004535368,左足首,,,,1,0,0,0,False,0,0,0,0,0,0,0,0,0
1.074629,0.5085834,-1.239022,0.6210034,0.5933133,-0.5121855,左足首,,,,1,0,0,0,False,0,0,0,0,0,0,0,0,0
1.001082,0.4443074,-1.321728,-0.3519097,0.5612583,-0.7490987,左足首,,,,1,0,0,0,False,0,0,0,0,0,0,0,0,0
0.9798538,0.4074173,-1.286266,-0.9845397,0.1176192,-0.1297974,左足首,,,,1,0,0,0,False,0,0,0,0,0,0,0,0,0
1.099308,0.307179,-1.299206,0.980828,-0.104163,-0.1647013,左足首,,,,1,0,0,0,False,0,0,0,0,0,0,0,0,0
1.076123,0.2682051,-1.361067,0.8002639,-0.3672083,-0.4740629,左足首,,,,1,0,0,0,False,0,0,0,0,0,0,0,0,0
1.036099,0.2535993,-1.3833,0.02537824,-0.6037268,-0.7967872,左足首,,,,1,0,0,0,False,0,0,0,0,0,0,0,0,0
0.994165,0.277798,-1.36983,-0.7856093,-0.2998155,-0.541229,左足首,,,,1,0,0,0,False,0,0,0,0,0,0,0,0,0
0.9745514,0.3368205,-1.323022,-0.9775605,0.003877113,-0.2106194,左足首,,,,1,0,0,0,False,0,0,0,0,0,0,0,0,0
0.960379,0.4438387,-1.314748,0.6066598,0.4762498,-0.636514,左足首,,,,1,0,0,0,False,0,0,0,0,0,0,0,0,0
0.9815718,0.3874932,-1.273721,0.9967812,0.0740177,0.0308005,左足首,,,,1,0,0,0,False,0,0,0,0,0,0,0,0,0
0.9833836,0.293266,-1.340654,0.9909526,-0.0487028,-0.1250648,左足首,,,,1,0,0,0,False,0,0,0,0,0,0,0,0,0
0.9648306,0.2437173,-1.395957,0.7636554,-0.3400366,-0.548822,左足首,,,,1,0,0,0,False,0,0,0,0,0,0,0,0,0
0.9193375,0.2286631,-1.408936,0.01986017,-0.5670387,-0.8234518,左足首,,,,1,0,0,0,False,0,0,0,0,0,0,0,0,0
0.8726531,0.2447009,-1.39858,-0.7252659,-0.3495384,-0.5931377,左足首,,,,1,0,0,0,False,0,0,0,0,0,0,0,0,0
0.8413005,1.042957,0.4049841,-0.7679805,0.1666442,0.6184139,左足首,,,,1,0,0,0,False,0,0,0,0,0,0,0,0,0
0.964652,1.037854,0.48052,-0.2524278,0.1652816,0.9533951,左足首,,,,1,0,0,0,False,0,0,0,0,0,0,0,0,0
0.7948902,0.8906264,0.2720872,-0.9613799,-0.1786505,0.2093622,左足首,,,,1,0,0,0,False,0,0,0,0,0,0,0,0,0
0.7793136,1.048344,0.2454631,-0.9614016,0.03658548,0.272706,左足首,,,,1,0,0,0,False,0,0,0,0,0,0,0,0,0
0.8405607,0.7553995,0.2763915,-0.7500539,-0.621507,0.2261593,左足首,,,,1,0,0,0,False,0,0,0,0,0,0,0,0,0
0.858521,1.237357,0.3289967,-0.7356847,0.3594348,0.574086,左足首,,,,1,0,0,0,False,0,0,0,0,0,0,0,0,0
0.9678116,1.244972,0.4032105,-0.2242421,0.4238745,0.8775226,左足首,,,,1,0,0,0,False,0,0,0,0,0,0,0,0,0
1.079655,1.244521,0.3995192,0.2577777,0.4265888,0.8669329,左足首,,,,1,0,0,0,False,0,0,0,0,0,0,0,0,0
1.099503,1.052594,0.4758383,0.2318706,0.2345995,0.9440334,左足首,,,,1,0,0,0,False,0,0,0,0,0,0,0,0,0
1.099147,0.864316,0.4917616,0.2104804,-0.2513764,0.9447264,左足首,,,,1,0,0,0,False,0,0,0,0,0,0,0,0,0
0.9688584,0.6661912,0.1449617,-0.3157321,-0.940268,0.1273163,左足首,,,,1,0,0,0,False,0,0,0,0,0,0,0,0,0
1.163944,0.6149853,-0.07373875,0.1810282,-0.9655924,0.1867089,左足首,,,,1,0,0,0,False,0,0,0,0,0,0,0,0,0
1.000976,0.6485783,-0.09006948,-0.3431388,-0.9387095,0.03286733,左足首,,,,1,0,0,0,False,0,0,0,0,0,0,0,0,0
1.202582,1.052923,0.4226702,0.6830698,0.2467012,0.6874257,左足首,,,,1,0,0,0,False,0,0,0,0,0,0,0,0,0
1.283387,0.7164168,0.1405813,0.7385991,-0.6230657,0.2574113,左足首,,,,1,0,0,0,False,0,0,0,0,0,0,0,0,0
1.304404,0.6529895,-0.07567693,0.6709403,-0.691391,0.2679879,左足首,,,,1,0,0,0,False,0,0,0,0,0,0,0,0,0
1.334598,0.8813596,0.1061188,0.9889564,-0.01721054,0.1472042,左足首,,,,1,0,0,0,False,0,0,0,0,0,0,0,0,0
1.355248,0.7893108,-0.109846,0.9811223,-0.135302,0.1381753,左足首,,,,1,0,0,0,False,0,0,0,0,0,0,0,0,0
1.295634,0.9630091,0.2763626,0.9431554,0.07776133,0.3231271,左足首,,,,1,0,0,0,False,0,0,0,0,0,0,0,0,0
1.304977,1.054762,0.07744207,0.9766334,0.2019946,0.07338645,左足首,,,,1,0,0,0,False,0,0,0,0,0,0,0,0,0
1.329537,0.9508003,-0.1327374,0.9840502,0.1761927,0.02452099,左足首,,,,1,0,0,0,False,0,0,0,0,0,0,0,0,0
1.374145,0.696515,-0.3290844,0.9954514,-0.05140499,0.08021359,左足首,,,,1,0,0,0,False,0,0,0,0,0,0,0,0,0
1.355248,0.7893108,-0.109846,0.9976323,0.02292265,0.06484081,左足首,,,,1,0,0,0,False,0,0,0,0,0,0,0,0,0
1.327421,0.5828193,-0.3017362,0.7274603,-0.6150981,0.3040657,左足首,,,,1,0,0,0,False,0,0,0,0,0,0,0,0,0
1.304404,0.6529895,-0.07567693,0.6539659,-0.7029789,0.279552,左足首,,,,1,0,0,0,False,0,0,0,0,0,0,0,0,0
1.386103,0.6095469,-0.5338888,0.9986106,0.00885875,0.05194575,左足首,,,,1,0,0,0,False,0,0,0,0,0,0,0,0,0
1.352278,0.4932292,-0.5031133,0.6536152,-0.6961033,0.2970309,左足首,,,,1,0,0,0,False,0,0,0,0,0,0,0,0,0
1.393125,0.5375257,-0.7069814,0.9993891,-0.007053718,-0.03423098,左足首,,,,1,0,0,0,False,0,0,0,0,0,0,0,0,0
1.380454,0.4755871,-0.8535853,0.9858641,-0.1492769,-0.07608105,左足首,,,,1,0,0,0,False,0,0,0,0,0,0,0,0,0
1.344434,0.40584,-0.8345057,0.6362303,-0.7683664,0.06945588,左足首,,,,1,0,0,0,False,0,0,0,0,0,0,0,0,0
1.358066,0.4456537,-0.690396,0.6591424,-0.7251635,0.1991717,左足首,,,,1,0,0,0,False,0,0,0,0,0,0,0,0,0
1.214961,0.3904753,-0.7085666,0.1931723,-0.9352328,0.2966883,左足首,,,,1,0,0,0,False,0,0,0,0,0,0,0,0,0
1.174058,0.46453,-0.5045136,0.04434191,-0.9261769,0.3744731,左足首,,,,1,0,0,0,False,0,0,0,0,0,0,0,0,0
1.172869,0.5506908,-0.2976966,0.01861583,-0.9425256,0.333615,左足首,,,,1,0,0,0,False,0,0,0,0,0,0,0,0,0
1.163944,0.6149853,-0.07373875,0.01783762,-0.960834,0.27655,左足首,,,,1,0,0,0,False,0,0,0,0,0,0,0,0,0
1.002079,0.5871377,-0.3127205,-0.3295188,-0.8661736,0.3757134,左足首,,,,1,0,0,0,False,0,0,0,0,0,0,0,0,0
0.767625,0.4912065,-0.5293018,-0.3386788,-0.7587784,0.5563741,左足首,,,,1,0,0,0,False,0,0,0,0,0,0,0,0,0
0.8657112,0.657428,-0.3338661,-0.5235124,-0.6611452,0.5374215,左足首,,,,1,0,0,0,False,0,0,0,0,0,0,0,0,0
1.000976,0.6485783,-0.09006948,-0.3274285,-0.9110072,0.2507123,左足首,,,,1,0,0,0,False,0,0,0,0,0,0,0,0,0
0.8669057,0.7276015,-0.1163672,-0.6583163,-0.7095017,0.2514499,左足首,,,,1,0,0,0,False,0,0,0,0,0,0,0,0,0
0.719582,0.3954693,-0.731843,-0.3396192,-0.8402059,0.4227444,左足首,,,,1,0,0,0,False,0,0,0,0,0,0,0,0,0
0.7270297,0.3329927,-0.8946724,-0.2365714,-0.9405291,0.2438013,左足首,,,,1,0,0,0,False,0,0,0,0,0,0,0,0,0
1.09048,0.3361773,-0.8770409,0.08125886,-0.9840343,0.1583461,左足首,,,,1,0,0,0,False,0,0,0,0,0,0,0,0,0
0.5637562,0.4656998,-0.7385747,-0.7989785,-0.5075878,0.3224716,左足首,,,,1,0,0,0,False,0,0,0,0,0,0,0,0,0
0.6635844,0.5772623,-0.560853,-0.6818224,-0.4295117,0.5921468,左足首,,,,1,0,0,0,False,0,0,0,0,0,0,0,0,0
0.7736655,0.7552788,-0.3542029,-0.7811888,-0.4172984,0.464334,左足首,,,,1,0,0,0,False,0,0,0,0,0,0,0,0,0
0.784992,0.8581081,-0.143088,-0.8856857,-0.3909985,0.2503619,左足首,,,,1,0,0,0,False,0,0,0,0,0,0,0,0,0
0.8305154,0.7445464,0.1177451,-0.7681202,-0.6399362,0.02174659,左足首,,,,1,0,0,0,False,0,0,0,0,0,0,0,0,0
0.8669057,0.7276015,-0.1163672,-0.7924382,-0.6092355,-0.02956109,左足首,,,,1,0,0,0,False,0,0,0,0,0,0,0,0,0
0.6223821,0.3881221,-0.8986578,-0.6600291,-0.7463924,0.0852062,左足首,,,,1,0,0,0,False,0,0,0,0,0,0,0,0,0
0.6645062,0.3435293,-1.008884,-0.6490924,-0.7447962,0.1547825,左足首,,,,1,0,0,0,False,0,0,0,0,0,0,0,0,0
0.734813,0.3130511,-1.019557,-0.0929428,-0.9884464,0.1197302,左足首,,,,1,0,0,0,False,0,0,0,0,0,0,0,0,0
0.6771306,0.3153802,-1.069605,-0.5060347,-0.7877991,0.3511433,左足首,,,,1,0,0,0,False,0,0,0,0,0,0,0,0,0
0.7417833,0.2986981,-1.067323,0.1927647,-0.8775973,0.4389362,左足首,,,,1,0,0,0,False,0,0,0,0,0,0,0,0,0
0.6840567,0.2608158,-1.135265,-0.5117958,-0.7681221,0.3847775,左足首,,,,1,0,0,0,False,0,0,0,0,0,0,0,0,0
0.7587011,0.2610234,-1.125095,0.2138631,-0.8265656,0.5206264,左足首,,,,1,0,0,0,False,0,0,0,0,0,0,0,0,0
0.7158524,0.2107858,-1.269789,-0.4375776,-0.8921674,0.1120858,左足首,,,,1,0,0,0,False,0,0,0,0,0,0,0,0,0
0.8389774,0.2922196,-1.143519,0.7499739,-0.4157431,0.5144868,左足首,,,,1,0,0,0,False,0,0,0,0,0,0,0,0,0
0.8531907,0.3089819,-1.027676,-0.002279588,-0.9436348,-0.3309807,左足首,,,,1,0,0,0,False,0,0,0,0,0,0,0,0,0
0.9813635,0.3134761,-1.025499,0.06183556,-0.9667974,-0.2479504,左足首,,,,1,0,0,0,False,0,0,0,0,0,0,0,0,0
1.109478,0.3269343,-0.9925724,0.2118904,-0.9630538,-0.1662229,左足首,,,,1,0,0,0,False,0,0,0,0,0,0,0,0,0
1.075729,0.377246,-1.161391,0.8279867,-0.3437448,0.4430323,左足首,,,,1,0,0,0,False,0,0,0,0,0,0,0,0,0
1.038041,0.3012744,-1.179915,-0.001995001,-0.5056419,0.8627412,左足首,,,,1,0,0,0,False,0,0,0,0,0,0,0,0,0
0.9844345,0.3171912,-1.199487,-0.7730609,-0.3154193,0.5503522,左足首,,,,1,0,0,0,False,0,0,0,0,0,0,0,0,0
1.091633,0.3098957,-1.194524,0.7823882,-0.3380204,0.5230784,左足首,,,,1,0,0,0,False,0,0,0,0,0,0,0,0,0
0.9794839,0.2594756,-1.251722,-0.8117224,-0.5331556,0.2384362,左足首,,,,1,0,0,0,False,0,0,0,0,0,0,0,0,0
0.9958603,0.241506,-1.31956,-0.7313937,-0.6661568,-0.1459397,左足首,,,,1,0,0,0,False,0,0,0,0,0,0,0,0,0
0.9485595,0.3653359,-1.19532,0.8262124,-0.3363297,0.4519464,左足首,,,,1,0,0,0,False,0,0,0,0,0,0,0,0,0
0.9627225,0.2797276,-1.223586,0.7668787,-0.2397112,0.595345,左足首,,,,1,0,0,0,False,0,0,0,0,0,0,0,0,0
0.9137874,0.2559221,-1.208698,0.174621,-0.5565243,0.8122734,左足首,,,,1,0,0,0,False,0,0,0,0,0,0,0,0,0
0.9653186,0.2282921,-1.27797,0.7214246,-0.6027425,0.3409517,左足首,,,,1,0,0,0,False,0,0,0,0,0,0,0,0,0
0.95477,0.2076287,-1.34627,0.6329715,-0.7647895,-0.1201834,左足首,,,,1,0,0,0,False,0,0,0,0,0,0,0,0,0
0.9123957,0.2083415,-1.26669,-0.04124856,-0.9300999,0.3649832,左足首,,,,1,0,0,0,False,0,0,0,0,0,0,0,0,0
0.8617635,0.2589808,-1.222377,-0.6199117,-0.423007,0.6608893,左足首,,,,1,0,0,0,False,0,0,0,0,0,0,0,0,0
0.9166285,0.1931911,-1.348141,-0.003441759,-0.98489,-0.1731471,左足首,,,,1,0,0,0,False,0,0,0,0,0,0,0,0,0
0.8808358,0.207334,-1.348012,-0.604722,-0.7756269,-0.1808713,左足首,,,,1,0,0,0,False,0,0,0,0,0,0,0,0,0
0.8633936,0.2248601,-1.286507,-0.828618,-0.5451139,0.1274481,左足首,,,,1,0,0,0,False,0,0,0,0,0,0,0,0,0
0.7915228,1.212874,0.1975479,-0.926131,0.2001072,0.3197474,左足首,,,,1,0,0,0,False,0,0,0,0,0,0,0,0,0
0.7774232,0.8908628,0.07959805,-0.9540312,-0.2949949,0.05293781,左足首,,,,1,0,0,0,False,0,0,0,0,0,0,0,0,0
0.784992,0.8581081,-0.143088,-0.9234323,-0.3799289,0.05410119,左足首,,,,1,0,0,0,False,0,0,0,0,0,0,0,0,0
0.7780678,1.378597,0.03025825,-0.9548877,0.1457982,0.2587129,左足首,,,,1,0,0,0,False,0,0,0,0,0,0,0,0,0
1.136155,0.2510881,-1.196154,-0.2084395,-0.8657762,0.4549557,左足首,,,,1,0,0,0,False,0,0,0,0,0,0,0,0,0
1.18801,0.2638395,-1.19946,0.6553342,-0.6553563,0.3755598,左足首,,,,1,0,0,0,False,0,0,0,0,0,0,0,0,0
1.172829,0.240607,-1.255167,0.6313211,-0.7609949,-0.1494001,左足首,,,,1,0,0,0,False,0,0,0,0,0,0,0,0,0
1.136593,0.2294172,-1.25941,-0.1357581,-0.98093,-0.1390907,左足首,,,,1,0,0,0,False,0,0,0,0,0,0,0,0,0
1.178001,0.2715028,-1.284858,0.7724517,-0.2977912,-0.5609267,左足首,,,,1,0,0,0,False,0,0,0,0,0,0,0,0,0
1.139022,0.258766,-1.302609,0.09825127,-0.5975326,-0.7958025,左足首,,,,1,0,0,0,False,0,0,0,0,0,0,0,0,0
1.103677,0.2514412,-1.261524,-0.6762464,-0.7256482,-0.1269859,左足首,,,,1,0,0,0,False,0,0,0,0,0,0,0,0,0
1.098428,0.2810684,-1.295255,-0.7689162,-0.2728593,-0.5782004,左足首,,,,1,0,0,0,False,0,0,0,0,0,0,0,0,0
1.198252,0.3188487,-1.237704,0.978436,-0.08446082,-0.1884923,左足首,,,,1,0,0,0,False,0,0,0,0,0,0,0,0,0
1.186414,0.3131108,-1.146892,0.7066308,-0.4185782,0.5704956,左足首,,,,1,0,0,0,False,0,0,0,0,0,0,0,0,0
1.208168,0.38757,-1.174389,0.9972805,-0.02443433,-0.06953148,左足首,,,,1,0,0,0,False,0,0,0,0,0,0,0,0,0
1.144879,0.2977374,-1.142489,0.01803758,-0.6261071,0.7795284,左足首,,,,1,0,0,0,False,0,0,0,0,0,0,0,0,0
1.186117,0.372043,-1.111392,0.7012855,-0.6500585,0.2926134,左足首,,,,1,0,0,0,False,0,0,0,0,0,0,0,0,0
1.217319,0.3503118,-0.8537968,0.2265681,-0.9661683,0.1232301,左足首,,,,1,0,0,0,False,0,0,0,0,0,0,0,0,0
1.324577,0.3996563,-0.9079918,0.4743671,-0.8794344,0.03963564,左足首,,,,1,0,0,0,False,0,0,0,0,0,0,0,0,0
1.368626,0.4466141,-0.9164073,0.970295,-0.2175307,-0.1058675,左足首,,,,1,0,0,0,False,0,0,0,0,0,0,0,0,0
1.34902,0.4492723,-1.015499,0.9315625,0.2050318,-0.300255,左足首,,,,1,0,0,0,False,0,0,0,0,0,0,0,0,0
1.334576,0.388443,-1.062937,0.9018458,-0.03168458,-0.4308949,左足首,,,,1,0,0,0,False,0,0,0,0,0,0,0,0,0
1.233959,0.299583,-1.031184,-0.5840507,-0.6461871,0.4912504,左足首,,,,1,0,0,0,False,0,0,0,0,0,0,0,0,0
1.205963,0.3336968,-1.050471,-0.91216,-0.2126314,0.3503599,左足首,,,,1,0,0,0,False,0,0,0,0,0,0,0,0,0
1.196066,0.3155623,-1.094796,-0.9245602,-0.3753668,0.06548514,左足首,,,,1,0,0,0,False,0,0,0,0,0,0,0,0,0
1.194961,0.3307548,-1.144564,-0.8593802,-0.2150635,-0.4639111,左足首,,,,1,0,0,0,False,0,0,0,0,0,0,0,0,0
1.195563,0.3804492,-1.112097,-0.9718175,0.2096377,-0.1078098,左足首,,,,1,0,0,0,False,0,0,0,0,0,0,0,0,0
1.202635,0.4182994,-1.08054,-0.9613733,0.274945,-0.01291073,左足首,,,,1,0,0,0,False,0,0,0,0,0,0,0,0,0
1.321624,0.4787069,-1.055209,0.7255996,0.4318163,-0.535761,左足首,,,,1,0,0,0,False,0,0,0,0,0,0,0,0,0
1.247732,0.5096326,-1.089206,-0.287156,0.6647087,-0.6897128,左足首,,,,1,0,0,0,False,0,0,0,0,0,0,0,0,0
1.188328,0.4371587,-1.228168,0.6024931,0.426509,-0.6746052,左足首,,,,1,0,0,0,False,0,0,0,0,0,0,0,0,0
1.302572,0.42531,-1.103191,0.6158008,0.2917975,-0.7318768,左足首,,,,1,0,0,0,False,0,0,0,0,0,0,0,0,0
1.295391,1.122529,-0.1302246,0.995232,0.06256793,0.07482313,左足首,,,,1,0,0,0,False,0,0,0,0,0,0,0,0,0
-0.9202755,0.3114073,-1.424284,0.06553994,0.4426066,-0.8943176,右足首,,,,1,0,0,0,False,0,0,0,0,0,0,0,0,0
-0.9204842,0.3049515,-1.425855,-0.1232937,0.01658087,-0.9922317,右足首,,,,1,0,0,0,False,0,0,0,0,0,0,0,0,0
-0.750512,0.3358885,-1.434916,0.2005997,0.6718143,-0.7130395,右足首,,,,1,0,0,0,False,0,0,0,0,0,0,0,0,0
-0.721649,0.3883992,-1.326427,0.3368887,0.7160712,-0.6113494,右足首,,,,1,0,0,0,False,0,0,0,0,0,0,0,0,0
-0.7730655,0.3988722,-1.320258,-0.03961039,0.7645755,-0.6433159,右足首,,,,1,0,0,0,False,0,0,0,0,0,0,0,0,0
-0.7944505,0.341478,-1.427671,-0.3733435,0.6671351,-0.6446282,右足首,,,,1,0,0,0,False,0,0,0,0,0,0,0,0,0
-0.7956657,0.3349946,-1.431672,-0.3034199,0.4378628,-0.8462935,右足首,,,,1,0,0,0,False,0,0,0,0,0,0,0,0,0
-0.7521397,0.3296841,-1.438994,0.2013392,0.3545732,-0.9130938,右足首,,,,1,0,0,0,False,0,0,0,0,0,0,0,0,0
-0.7583288,5.695735,0.4478158,0.388812,0.0486733,0.9200305,右ひざ,,,,1,0,0,0,False,0,0,0,0,0,0,0,0,0
-0.7961086,4.920548,0.4831083,0.3670031,-0.01938462,0.9300178,右ひざ,,,,1,0,0,0,False,0,0,0,0,0,0,0,0,0
-1.072805,4.942442,0.540708,-0.08498195,0.004034779,0.9963744,右ひざ,,,,1,0,0,0,False,0,0,0,0,0,0,0,0,0
-1.056023,5.720109,0.4957435,-0.08739658,0.08989611,0.9921091,右ひざ,,,,1,0,0,0,False,0,0,0,0,0,0,0,0,0
-0.5302775,5.676624,0.3039769,0.7563368,-0.0105725,0.654097,右ひざ,,,,1,0,0,0,False,0,0,0,0,0,0,0,0,0
-0.5916776,4.90231,0.3254108,0.6902974,-0.04673861,0.7220145,右ひざ,,,,1,0,0,0,False,0,0,0,0,0,0,0,0,0
-0.8316451,4.341533,0.4709042,0.4111282,-0.09965081,0.9061144,右ひざ,,,,1,0,0,0,False,0,0,0,0,0,0,0,0,0
-1.337874,4.960638,0.4409546,-0.5852685,0.008946322,0.8107902,右ひざ,,,,1,0,0,0,False,0,0,0,0,0,0,0,0,0
-1.329747,5.739108,0.4043412,-0.5507042,0.05865101,0.8326374,右ひざ,,,,1,0,0,0,False,0,0,0,0,0,0,0,0,0
-1.08427,4.361336,0.5131425,-0.1010233,-0.08142751,0.9915463,右ひざ,,,,1,0,0,0,False,0,0,0,0,0,0,0,0,0
-1.335324,4.378556,0.4178424,-0.5479277,-0.06416265,0.8340615,右ひざ,,,,1,0,0,0,False,0,0,0,0,0,0,0,0,0
-0.8641596,3.772765,0.3914357,0.3971837,-0.1603942,0.9036143,右ひざ,,,,1,0,0,0,False,0,0,0,0,0,0,0,0,0
-1.101216,3.791522,0.4408075,-0.1062349,-0.163447,0.9808156,右ひざ,,,,1,0,0,0,False,0,0,0,0,0,0,0,0,0
-0.4906934,4.89045,0.1644295,0.9395463,-0.09264242,0.3296516,右ひざ,,,,1,0,0,0,False,0,0,0,0,0,0,0,0,0
-0.5528105,4.31232,0.01379775,0.9901162,-0.1266788,-0.0601864,右ひざ,,,,1,0,0,0,False,0,0,0,0,0,0,0,0,0
-0.6224555,3.747941,0.02306167,0.9900649,-0.1406094,0.0008383768,右ひざ,,,,1,0,0,0,False,0,0,0,0,0,0,0,0,0
-1.324349,3.806709,0.3495714,-0.6020402,-0.1286598,0.7880319,右ひざ,,,,1,0,0,0,False,0,0,0,0,0,0,0,0,0
-1.098183,3.108697,0.3032044,-0.087859,-0.1756973,0.9805158,右ひざ,,,,1,0,0,0,False,0,0,0,0,0,0,0,0,0
-1.272303,3.11909,0.2332447,-0.5960972,-0.1756556,0.7834623,右ひざ,,,,1,0,0,0,False,0,0,0,0,0,0,0,0,0
-0.9080399,3.09413,0.287224,0.3577884,-0.1706847,0.9180709,右ひざ,,,,1,0,0,0,False,0,0,0,0,0,0,0,0,0
-0.7539655,3.080076,0.1618641,0.8147575,-0.1545442,0.5588259,右ひざ,,,,1,0,0,0,False,0,0,0,0,0,0,0,0,0
-0.4791827,4.887586,-0.02038645,0.988374,-0.1135642,-0.1010947,右ひざ,,,,1,0,0,0,False,0,0,0,0,0,0,0,0,0
-0.7145311,3.074763,0.02363605,0.9902925,-0.1211057,0.06822143,右ひざ,,,,1,0,0,0,False,0,0,0,0,0,0,0,0,0
-0.4199743,5.665551,0.1271567,0.9701639,-0.05138848,0.2369412,右ひざ,,,,1,0,0,0,False,0,0,0,0,0,0,0,0,0
-0.4039603,5.660882,-0.06643787,0.9814671,-0.07931848,-0.1744447,右ひざ,,,,1,0,0,0,False,0,0,0,0,0,0,0,0,0
-0.8164714,2.569841,0.1143728,0.7849842,-0.1266602,0.6064298,右ひざ,,,,1,0,0,0,False,0,0,0,0,0,0,0,0,0
-0.9425504,2.581379,0.2017094,0.325893,-0.1332425,0.9359702,右ひざ,,,,1,0,0,0,False,0,0,0,0,0,0,0,0,0
-0.7720277,2.564471,-0.009056577,0.9809177,-0.1065466,0.1626292,右ひざ,,,,1,0,0,0,False,0,0,0,0,0,0,0,0,0
-0.8170882,2.091233,-0.02271668,0.9808307,-0.08060853,0.1774077,右ひざ,,,,1,0,0,0,False,0,0,0,0,0,0,0,0,0
-0.8693278,2.097335,0.09802239,0.8270454,-0.1055365,0.5521393,右ひざ,,,,1,0,0,0,False,0,0,0,0,0,0,0,0,0
-0.9766748,2.106651,0.1662564,0.37291,-0.09136552,0.9233583,右ひざ,,,,1,0,0,0,False,0,0,0,0,0,0,0,0,0
-0.8170882,2.091233,-0.02271668,0.93612,-0.07018092,0.344607,右ひざ,,,,1,0,0,0,False,0,0,0,0,0,0,0,0,0
-0.8902322,1.899295,0.09299421,0.7915834,0.01914866,0.6107611,右ひざ,右足首,,,0.6,0.4,0,0,False,0,0,0,0,0,0,0,0,0
-0.8693278,2.097335,0.09802239,0.6751669,-0.09690954,0.7312717,右ひざ,,,,1,0,0,0,False,0,0,0,0,0,0,0,0,0
-0.9002941,1.622554,0.1548533,0.7118622,0.2149734,0.6686095,右ひざ,右足首,,,0.54,0.46,0,0,False,0,0,0,0,0,0,0,0,0
-0.9953301,1.918801,0.1562215,0.1981877,0.08719287,0.9762782,右ひざ,右足首,,,0.6,0.4,0,0,False,0,0,0,0,0,0,0,0,0
-0.9766748,2.106651,0.1662564,0.08712169,-0.1177556,0.9892135,右ひざ,,,,1,0,0,0,False,0,0,0,0,0,0,0,0,0
-1.121142,1.917283,0.1224339,-0.482841,-0.03615802,0.8749612,右ひざ,右足首,,,0.6,0.4,0,0,False,0,0,0,0,0,0,0,0,0
-1.111114,2.116768,0.1651954,-0.3153046,-0.1837254,0.931036,右ひざ,,,,1,0,0,0,False,0,0,0,0,0,0,0,0,0
-1.111114,2.116768,0.1651954,-0.2664128,-0.09713217,0.9589524,右ひざ,,,,1,0,0,0,False,0,0,0,0,0,0,0,0,0
-1.101326,2.593612,0.2163641,-0.2001076,-0.1506751,0.9681187,右ひざ,,,,1,0,0,0,False,0,0,0,0,0,0,0,0,0
-1.107079,1.631514,0.1800641,-0.5418079,0.2860937,0.7903129,右ひざ,右足首,,,0.54,0.46,0,0,False,0,0,0,0,0,0,0,0,0
-1.147016,1.443435,0.2479312,-0.6504954,0.3942507,0.6491703,右足首,右ひざ,,,0.68,0.32,0,0,False,0,0,0,0,0,0,0,0,0
-0.8872818,1.415569,0.2254341,0.6928607,0.3338889,0.6391106,右足首,右ひざ,,,0.68,0.32,0,0,False,0,0,0,0,0,0,0,0,0
-0.8144681,1.400133,0.1349585,0.8631957,0.252482,0.4372025,右足首,,,,1,0,0,0,False,0,0,0,0,0,0,0,0,0
-1.238775,2.124766,0.07442506,-0.7073932,-0.1702113,0.6860197,右ひざ,,,,1,0,0,0,False,0,0,0,0,0,0,0,0,0
-1.246964,2.602966,0.1317897,-0.6850487,-0.1303772,0.7167358,右ひざ,,,,1,0,0,0,False,0,0,0,0,0,0,0,0,0
-1.238775,2.124766,0.07442506,-0.7674598,-0.09896223,0.633413,右ひざ,,,,1,0,0,0,False,0,0,0,0,0,0,0,0,0
-1.316144,2.128173,-0.06094457,-0.9765893,-0.07421433,0.2019053,右ひざ,,,,1,0,0,0,False,0,0,0,0,0,0,0,0,0
-1.335519,2.607373,0.005167823,-0.9387621,-0.100753,0.3295066,右ひざ,,,,1,0,0,0,False,0,0,0,0,0,0,0,0,0
-1.371826,3.124085,0.09334091,-0.9195632,-0.1450951,0.3651726,右ひざ,,,,1,0,0,0,False,0,0,0,0,0,0,0,0,0
-1.455577,3.813544,0.1788378,-0.9162118,-0.1166354,0.3833436,右ひざ,,,,1,0,0,0,False,0,0,0,0,0,0,0,0,0
-1.258211,1.457173,0.07140046,-0.8051059,0.083451,0.587231,右足首,,,,1,0,0,0,False,0,0,0,0,0,0,0,0,0
-1.29566,1.290145,-0.01048283,-0.9495728,-0.1722846,0.2619723,右足首,,,,1,0,0,0,False,0,0,0,0,0,0,0,0,0
-1.329044,1.364553,-0.02461619,-0.9512629,-0.1454926,0.2719023,右足首,,,,1,0,0,0,False,0,0,0,0,0,0,0,0,0
-1.338733,1.470208,-0.04382738,-0.9378592,0.07230095,0.3394005,右足首,,,,1,0,0,0,False,0,0,0,0,0,0,0,0,0
-1.302101,1.251078,-0.1368164,-0.9828377,-0.1560615,0.09836145,右足首,,,,1,0,0,0,False,0,0,0,0,0,0,0,0,0
-1.32688,1.337586,-0.1451481,-0.9708386,-0.2310047,0.06410383,右足首,,,,1,0,0,0,False,0,0,0,0,0,0,0,0,0
-1.327397,1.612167,-0.06956984,-0.9878386,0.1040631,0.1155236,右ひざ,右足首,,,0.54,0.46,0,0,False,0,0,0,0,0,0,0,0,0
-1.329515,1.451435,-0.1611367,-0.9967424,0.009638875,-0.08007313,右足首,,,,1,0,0,0,False,0,0,0,0,0,0,0,0,0
-1.311308,1.594763,-0.1818808,-0.9847646,0.0813802,-0.1536753,右足首,右ひざ,,,0.68,0.32,0,0,False,0,0,0,0,0,0,0,0,0
-1.289065,1.86999,-0.2168492,-0.991048,0.006254871,-0.1333589,右ひざ,右足首,,,0.6,0.4,0,0,False,0,0,0,0,0,0,0,0,0
-1.304715,1.891557,-0.09577331,-0.9659544,-0.001642725,0.2587073,右ひざ,右足首,,,0.6,0.4,0,0,False,0,0,0,0,0,0,0,0,0
-1.318868,2.125843,-0.2024364,-0.9957897,-0.0802926,-0.04422681,右ひざ,,,,1,0,0,0,False,0,0,0,0,0,0,0,0,0
-1.316144,2.128173,-0.06094457,-0.9240459,-0.1149495,0.3645899,右ひざ,,,,1,0,0,0,False,0,0,0,0,0,0,0,0,0
-1.348376,2.605546,-0.1580294,-0.9955444,-0.0731097,0.05955078,右ひざ,,,,1,0,0,0,False,0,0,0,0,0,0,0,0,0
-1.318868,2.125843,-0.2024364,-0.9977921,-0.06325215,0.0202539,右ひざ,,,,1,0,0,0,False,0,0,0,0,0,0,0,0,0
-1.398283,3.124363,-0.09636655,-0.9865155,-0.1136311,0.1177932,右ひざ,,,,1,0,0,0,False,0,0,0,0,0,0,0,0,0
-1.49013,3.812328,-0.03439121,-0.9818886,-0.1130578,0.1520292,右ひざ,,,,1,0,0,0,False,0,0,0,0,0,0,0,0,0
-1.517784,4.384826,0.0001133958,-0.9875681,-0.05092447,0.1487137,右ひざ,,,,1,0,0,0,False,0,0,0,0,0,0,0,0,0
-1.485005,4.386424,0.2271658,-0.902066,-0.05255154,0.4283871,右ひざ,,,,1,0,0,0,False,0,0,0,0,0,0,0,0,0
-1.536232,4.967796,0.005831598,-0.9876246,-0.01114384,0.1564399,右ひざ,,,,1,0,0,0,False,0,0,0,0,0,0,0,0,0
-1.497347,4.969034,0.2384979,-0.8874649,0.001978314,0.460871,右ひざ,,,,1,0,0,0,False,0,0,0,0,0,0,0,0,0
-1.533504,5.746936,-0.01605708,-0.9879565,0.02486644,0.152721,右ひざ,,,,1,0,0,0,False,0,0,0,0,0,0,0,0,0
-1.497962,5.748373,0.2136274,-0.9330648,0.01425777,0.3594257,右ひざ,,,,1,0,0,0,False,0,0,0,0,0,0,0,0,0
-1.536232,4.967796,0.005831598,-0.9200076,-0.0145471,-0.3916305,右ひざ,,,,1,0,0,0,False,0,0,0,0,0,0,0,0,0
-1.441259,4.956682,-0.2148253,-0.8660041,-0.01534429,-0.4998016,右ひざ,,,,1,0,0,0,False,0,0,0,0,0,0,0,0,0
-1.444485,5.736414,-0.2286947,-0.880927,-0.005746055,-0.4732173,右ひざ,,,,1,0,0,0,False,0,0,0,0,0,0,0,0,0
-1.533504,5.746936,-0.01605708,-0.9223706,0.003454366,-0.3862908,右ひざ,,,,1,0,0,0,False,0,0,0,0,0,0,0,0,0
-1.517784,4.384826,0.0001133958,-0.9275687,-0.02002001,-0.373116,右ひざ,,,,1,0,0,0,False,0,0,0,0,0,0,0,0,0
-1.431236,4.374324,-0.2218388,-0.87416,-0.006764007,-0.4855911,右ひざ,,,,1,0,0,0,False,0,0,0,0,0,0,0,0,0
-1.291594,4.941967,-0.4062781,-0.653713,-0.01304604,-0.7566302,右ひざ,,,,1,0,0,0,False,0,0,0,0,0,0,0,0,0
-1.29876,5.721819,-0.427007,-0.6892992,-0.050938,-0.7226839,右ひざ,,,,1,0,0,0,False,0,0,0,0,0,0,0,0,0
-1.072379,4.923148,-0.5342044,-0.2115945,-0.02006912,-0.9771515,右ひざ,,,,1,0,0,0,False,0,0,0,0,0,0,0,0,0
-1.051202,5.699706,-0.5582877,-0.2042451,-0.0835965,-0.9753438,右ひざ,,,,1,0,0,0,False,0,0,0,0,0,0,0,0,0
-0.8442788,4.90638,-0.5102558,0.3314292,-0.05207154,-0.9420422,右ひざ,,,,1,0,0,0,False,0,0,0,0,0,0,0,0,0
-0.7968295,5.681505,-0.5333576,0.3887879,-0.09406754,-0.9165126,右ひざ,,,,1,0,0,0,False,0,0,0,0,0,0,0,0,0
-1.286949,4.360113,-0.407886,-0.6625468,0.009704074,-0.7489577,右ひざ,,,,1,0,0,0,False,0,0,0,0,0,0,0,0,0
-1.090049,4.343242,-0.5209154,-0.1757344,-0.009195962,-0.9843947,右ひざ,,,,1,0,0,0,False,0,0,0,0,0,0,0,0,0
-0.8849468,4.3284,-0.48625,0.4117036,-0.04756782,-0.9100756,右ひざ,,,,1,0,0,0,False,0,0,0,0,0,0,0,0,0
-0.6798716,4.896312,-0.3803938,0.6683186,-0.0777688,-0.7397988,右ひざ,,,,1,0,0,0,False,0,0,0,0,0,0,0,0,0
-0.6049923,5.674572,-0.3989258,0.7027001,-0.09396147,-0.7052544,右ひざ,,,,1,0,0,0,False,0,0,0,0,0,0,0,0,0
-1.294293,3.790581,-0.4240612,-0.6493892,-0.0226685,-0.7601183,右ひざ,,,,1,0,0,0,False,0,0,0,0,0,0,0,0,0
-1.097982,3.774067,-0.5196589,-0.1218574,-0.02850599,-0.9921383,右ひざ,,,,1,0,0,0,False,0,0,0,0,0,0,0,0,0
-1.231239,3.105823,-0.4164313,-0.617065,-0.02938333,-0.7863634,右ひざ,,,,1,0,0,0,False,0,0,0,0,0,0,0,0,0
-1.067157,3.09173,-0.4922099,-0.08684401,-0.009074262,-0.9961805,右ひざ,,,,1,0,0,0,False,0,0,0,0,0,0,0,0,0
-0.9121835,3.760821,-0.4771379,0.4774231,-0.04216642,-0.8776612,右ひざ,,,,1,0,0,0,False,0,0,0,0,0,0,0,0,0
-1.42124,3.803377,-0.2440382,-0.8923199,-0.03790161,-0.4498096,右ひざ,,,,1,0,0,0,False,0,0,0,0,0,0,0,0,0
-1.49013,3.812328,-0.03439121,-0.9439382,-0.04218825,-0.3274155,右ひざ,,,,1,0,0,0,False,0,0,0,0,0,0,0,0,0
-1.34599,3.11718,-0.2736584,-0.8919353,-0.06033197,-0.4481199,右ひざ,,,,1,0,0,0,False,0,0,0,0,0,0,0,0,0
-0.7308374,4.318963,-0.3645598,0.7437114,-0.09566458,-0.6616204,右ひざ,,,,1,0,0,0,False,0,0,0,0,0,0,0,0,0
-0.7830973,3.753567,-0.3388421,0.7957922,-0.05324673,-0.6032245,右ひざ,,,,1,0,0,0,False,0,0,0,0,0,0,0,0,0
-0.539424,4.888552,-0.2225585,0.8685184,-0.1032925,-0.4847749,右ひざ,,,,1,0,0,0,False,0,0,0,0,0,0,0,0,0
-0.4757674,5.663037,-0.2478903,0.8494151,-0.0730052,-0.5226514,右ひざ,,,,1,0,0,0,False,0,0,0,0,0,0,0,0,0
-0.6040404,4.31251,-0.1911602,0.9149831,-0.1338568,-0.3806421,右ひざ,,,,1,0,0,0,False,0,0,0,0,0,0,0,0,0
-0.6845797,3.749228,-0.1664812,0.9193006,-0.09930983,-0.3808205,右ひざ,,,,1,0,0,0,False,0,0,0,0,0,0,0,0,0
-0.8993432,3.080001,-0.4498903,0.5824197,-0.01101498,-0.8128136,右ひざ,,,,1,0,0,0,False,0,0,0,0,0,0,0,0,0
-0.7902269,3.074233,-0.3187997,0.8856801,-0.04893209,-0.4617102,右ひざ,,,,1,0,0,0,False,0,0,0,0,0,0,0,0,0
-0.7314649,3.072598,-0.153172,0.9809912,-0.08132194,-0.1761902,右ひざ,,,,1,0,0,0,False,0,0,0,0,0,0,0,0,0
-0.9106567,2.567052,-0.4630629,0.5542024,-0.006421316,-0.8323572,右ひざ,,,,1,0,0,0,False,0,0,0,0,0,0,0,0,0
-0.8215982,2.562831,-0.3239547,0.8974017,-0.02962399,-0.4402187,右ひざ,,,,1,0,0,0,False,0,0,0,0,0,0,0,0,0
-0.7748735,2.562105,-0.1673595,0.9885715,-0.06670412,-0.1351924,右ひざ,,,,1,0,0,0,False,0,0,0,0,0,0,0,0,0
-0.9078804,2.090495,-0.4459189,0.7231621,-0.02349513,-0.6902787,右ひざ,,,,1,0,0,0,False,0,0,0,0,0,0,0,0,0
-0.8326291,2.087042,-0.3219775,0.925369,-0.02302666,-0.3783676,右ひざ,,,,1,0,0,0,False,0,0,0,0,0,0,0,0,0
-1.053665,2.577096,-0.503773,-0.0526564,0.003945094,-0.9986049,右ひざ,,,,1,0,0,0,False,0,0,0,0,0,0,0,0,0
-1.038828,2.099394,-0.500214,0.101769,-0.01695606,-0.9946636,右ひざ,,,,1,0,0,0,False,0,0,0,0,0,0,0,0,0
-1.004707,1.81507,-0.489139,0.02552425,-0.05603597,-0.9981024,右ひざ,右足首,,,0.6,0.4,0,0,False,0,0,0,0,0,0,0,0,0
-0.8828738,1.815507,-0.4296404,0.6790928,0.0165728,-0.7338653,右ひざ,右足首,,,0.6,0.4,0,0,False,0,0,0,0,0,0,0,0,0
-0.9078804,2.090495,-0.4459189,0.5825131,0.01523182,-0.8126787,右ひざ,,,,1,0,0,0,False,0,0,0,0,0,0,0,0,0
-1.038828,2.099394,-0.500214,-0.1310511,-0.05616166,-0.9897835,右ひざ,,,,1,0,0,0,False,0,0,0,0,0,0,0,0,0
-1.170462,2.110245,-0.4485171,-0.621438,-0.1033437,-0.7766177,右ひざ,,,,1,0,0,0,False,0,0,0,0,0,0,0,0,0
-1.13451,1.828077,-0.4367577,-0.5371038,-0.0928388,-0.8383917,右ひざ,右足首,,,0.6,0.4,0,0,False,0,0,0,0,0,0,0,0,0
-0.8116884,1.833666,-0.3023791,0.9228035,0.04889112,-0.3821562,右ひざ,右足首,,,0.6,0.4,0,0,False,0,0,0,0,0,0,0,0,0
-0.8326291,2.087042,-0.3219775,0.9268667,0.05304315,-0.3716244,右ひざ,,,,1,0,0,0,False,0,0,0,0,0,0,0,0,0
-0.7965698,2.087082,-0.1680392,0.9912218,-0.03809264,-0.1266024,右ひざ,,,,1,0,0,0,False,0,0,0,0,0,0,0,0,0
-0.7965698,2.087082,-0.1680392,0.994823,0.0395943,0.0935917,右ひざ,,,,1,0,0,0,False,0,0,0,0,0,0,0,0,0
-0.8599991,1.593097,-0.416195,0.6936768,0.1118274,-0.7115526,右足首,右ひざ,,,0.68,0.32,0,0,False,0,0,0,0,0,0,0,0,0
-0.7905928,1.581228,-0.2765924,0.9548131,0.1061811,-0.2775923,右ひざ,右足首,,,0.54,0.46,0,0,False,0,0,0,0,0,0,0,0,0
-0.9822571,1.602808,-0.473279,0.03622593,0.03658425,-0.9986737,右足首,右ひざ,,,0.68,0.32,0,0,False,0,0,0,0,0,0,0,0,0
-1.109528,1.596683,-0.4231082,-0.4753729,-0.03895124,-0.8789217,右足首,右ひざ,,,0.68,0.32,0,0,False,0,0,0,0,0,0,0,0,0
-1.091926,1.403483,-0.4472125,-0.5396338,0.1827542,-0.821825,右足首,,,,1,0,0,0,False,0,0,0,0,0,0,0,0,0
-0.9561179,1.414036,-0.4991546,0.03849307,0.3060811,-0.951227,右足首,,,,1,0,0,0,False,0,0,0,0,0,0,0,0,0
-1.207473,1.147457,-0.4505848,-0.8036482,0.3153596,-0.504676,右足首,,,,1,0,0,0,False,0,0,0,0,0,0,0,0,0
-1.092609,1.184876,-0.5516976,-0.4956723,0.42395,-0.7580075,右足首,,,,1,0,0,0,False,0,0,0,0,0,0,0,0,0
-1.263341,1.123636,-0.2990478,-0.9589819,0.1641298,-0.2311173,右足首,,,,1,0,0,0,False,0,0,0,0,0,0,0,0,0
-1.302101,1.251078,-0.1368164,-0.9494253,-0.08070233,-0.3034446,右足首,,,,1,0,0,0,False,0,0,0,0,0,0,0,0,0
-1.295391,1.122529,-0.1302246,-0.9803027,0.06734453,-0.1856651,右足首,,,,1,0,0,0,False,0,0,0,0,0,0,0,0,0
-1.329537,0.9508003,-0.1327374,-0.9725312,0.2138592,-0.09190951,右足首,,,,1,0,0,0,False,0,0,0,0,0,0,0,0,0
-1.311308,1.594763,-0.1818808,-0.8262582,0.009316422,-0.5632145,右足首,右ひざ,,,0.68,0.32,0,0,False,0,0,0,0,0,0,0,0,0
-1.289065,1.86999,-0.2168492,-0.9091625,-0.06377256,-0.4115296,右ひざ,右足首,,,0.6,0.4,0,0,False,0,0,0,0,0,0,0,0,0
-1.272681,2.119977,-0.3354822,-0.8827035,-0.1029317,-0.4585189,右ひざ,,,,1,0,0,0,False,0,0,0,0,0,0,0,0,0
-1.318868,2.125843,-0.2024364,-0.9419715,-0.09153156,-0.3229732,右ひざ,,,,1,0,0,0,False,0,0,0,0,0,0,0,0,0
-1.199325,2.589115,-0.446882,-0.5871046,-0.01090306,-0.8094378,右ひざ,,,,1,0,0,0,False,0,0,0,0,0,0,0,0,0
-1.303051,2.599175,-0.3228677,-0.8824033,-0.03192255,-0.4694096,右ひざ,,,,1,0,0,0,False,0,0,0,0,0,0,0,0,0
-1.272681,2.119977,-0.3354822,-0.8318107,-0.04255321,-0.5534259,右ひざ,,,,1,0,0,0,False,0,0,0,0,0,0,0,0,0
-1.170462,2.110245,-0.4485171,-0.5035536,-0.02719327,-0.8635359,右ひざ,,,,1,0,0,0,False,0,0,0,0,0,0,0,0,0
-1.348376,2.605546,-0.1580294,-0.9618869,-0.04954965,-0.268921,右ひざ,,,,1,0,0,0,False,0,0,0,0,0,0,0,0,0
-1.318868,2.125843,-0.2024364,-0.9545943,-0.04310016,-0.2947748,右ひざ,,,,1,0,0,0,False,0,0,0,0,0,0,0,0,0
-1.398283,3.124363,-0.09636655,-0.9538321,-0.08349705,-0.2885007,右ひざ,,,,1,0,0,0,False,0,0,0,0,0,0,0,0,0
-1.040166,0.3250088,-1.403718,-0.001190421,0.2006437,-0.9796635,右足首,,,,1,0,0,0,False,0,0,0,0,0,0,0,0,0
-1.040058,0.3196174,-1.403284,-0.1923574,-0.1965676,-0.9614363,右足首,,,,1,0,0,0,False,0,0,0,0,0,0,0,0,0
-1.237058,0.3575975,-1.18073,-0.1282687,0.2299859,-0.9647039,右足首,,,,1,0,0,0,False,0,0,0,0,0,0,0,0,0
-1.236413,0.3522459,-1.180676,-0.004395266,-0.26567,-0.9640541,右足首,,,,1,0,0,0,False,0,0,0,0,0,0,0,0,0
-1.143721,0.3167626,-1.318602,-0.1743656,-0.1929548,-0.9655906,右足首,,,,1,0,0,0,False,0,0,0,0,0,0,0,0,0
-1.143809,0.3222353,-1.318969,-0.1450625,0.1908913,-0.9708334,右足首,,,,1,0,0,0,False,0,0,0,0,0,0,0,0,0
-0.7710549,0.4630446,-1.270882,-0.08320485,0.7198543,-0.6891202,右足首,,,,1,0,0,0,False,0,0,0,0,0,0,0,0,0
-0.6947806,0.4404821,-1.27059,0.5024784,0.6222397,-0.6002777,右足首,,,,1,0,0,0,False,0,0,0,0,0,0,0,0,0
-0.6880515,0.4883597,-1.208912,0.5862156,0.6231958,-0.5176661,右足首,,,,1,0,0,0,False,0,0,0,0,0,0,0,0,0
-0.7612346,0.5146168,-1.215202,0.05465664,0.7581773,-0.6497536,右足首,,,,1,0,0,0,False,0,0,0,0,0,0,0,0,0
-0.813229,0.5000196,-1.202784,-0.7597695,0.5050569,-0.4094727,右足首,,,,1,0,0,0,False,0,0,0,0,0,0,0,0,0
-0.8260081,0.444354,-1.253629,-0.7520399,0.5447916,-0.3709962,右足首,,,,1,0,0,0,False,0,0,0,0,0,0,0,0,0
-0.8617082,0.3456195,-1.208606,-0.9927435,0.1076064,0.05367634,右足首,,,,1,0,0,0,False,0,0,0,0,0,0,0,0,0
-0.7871416,0.7992821,-0.8672152,0.3856837,0.6837186,-0.6194974,右足首,,,,1,0,0,0,False,0,0,0,0,0,0,0,0,0
-0.9444565,0.8200893,-0.8676413,-0.06759842,0.6636171,-0.745012,右足首,,,,1,0,0,0,False,0,0,0,0,0,0,0,0,0
-0.7840427,0.9743672,-0.7169142,0.506125,0.5496736,-0.6646025,右足首,,,,1,0,0,0,False,0,0,0,0,0,0,0,0,0
-0.9361237,1.01164,-0.7290887,0.01407124,0.5648903,-0.8250461,右足首,,,,1,0,0,0,False,0,0,0,0,0,0,0,0,0
-1.092048,0.9801085,-0.6933467,-0.4627372,0.5142341,-0.7221063,右足首,,,,1,0,0,0,False,0,0,0,0,0,0,0,0,0
-1.099476,0.7826321,-0.8389378,-0.4065685,0.6470931,-0.6449593,右足首,,,,1,0,0,0,False,0,0,0,0,0,0,0,0,0
-0.9478492,1.209343,-0.6023849,-0.01731551,0.519018,-0.8545879,右足首,,,,1,0,0,0,False,0,0,0,0,0,0,0,0,0
-0.6810812,0.8886089,-0.6440491,0.8373095,0.4637029,-0.2896419,右足首,,,,1,0,0,0,False,0,0,0,0,0,0,0,0,0
-0.858547,0.2956528,-1.285215,-0.9925821,0.04707954,-0.112091,右足首,,,,1,0,0,0,False,0,0,0,0,0,0,0,0,0
-0.833978,0.3896115,-1.317983,-0.7021163,0.5558438,-0.4450511,右足首,,,,1,0,0,0,False,0,0,0,0,0,0,0,0,0
-0.7788484,0.4250696,-1.304187,-0.08989633,0.6571589,-0.7483721,右足首,,,,1,0,0,0,False,0,0,0,0,0,0,0,0,0
-0.8365777,0.3234448,-1.396863,-0.8603844,0.1106836,-0.4974816,右足首,,,,1,0,0,0,False,0,0,0,0,0,0,0,0,0
-0.8053669,0.3201199,-1.43275,-0.5127318,-0.06131918,-0.8563562,右足首,,,,1,0,0,0,False,0,0,0,0,0,0,0,0,0
-0.7071152,0.4077986,-1.309765,0.36414,0.5594366,-0.7446024,右足首,,,,1,0,0,0,False,0,0,0,0,0,0,0,0,0
-0.7550451,0.3132125,-1.442987,0.1488068,-0.0616303,-0.986944,右足首,,,,1,0,0,0,False,0,0,0,0,0,0,0,0,0
-0.6388913,0.384246,-1.239514,0.8729761,0.316029,-0.3715353,右足首,,,,1,0,0,0,False,0,0,0,0,0,0,0,0,0
-0.6363854,0.4268813,-1.170539,0.9278263,0.2963204,-0.2265668,右足首,,,,1,0,0,0,False,0,0,0,0,0,0,0,0,0
-0.6316718,0.3222341,-1.195063,0.9629518,-0.2637266,-0.0563221,右足首,,,,1,0,0,0,False,0,0,0,0,0,0,0,0,0
-0.6268748,0.3660406,-1.119342,0.9620707,-0.2563668,0.09325217,右足首,,,,1,0,0,0,False,0,0,0,0,0,0,0,0,0
-0.6404727,0.4856353,-1.089027,0.9261875,0.290695,-0.2401522,右足首,,,,1,0,0,0,False,0,0,0,0,0,0,0,0,0
-0.6224243,0.4191457,-1.040708,0.9677545,-0.1785401,-0.177693,右足首,,,,1,0,0,0,False,0,0,0,0,0,0,0,0,0
-0.5547385,0.484201,-0.9253566,0.9647563,-0.1169904,-0.2357088,右足首,,,,1,0,0,0,False,0,0,0,0,0,0,0,0,0
-0.5521989,0.5779389,-0.7734011,0.983174,0.1817064,0.01875474,右足首,,,,1,0,0,0,False,0,0,0,0,0,0,0,0,0
-0.5840418,0.7006004,-0.5885665,0.9618445,0.08529446,0.2599615,右足首,,,,1,0,0,0,False,0,0,0,0,0,0,0,0,0
-1.236047,0.7208889,-0.7942979,-0.5819969,0.6512884,-0.4869322,右足首,,,,1,0,0,0,False,0,0,0,0,0,0,0,0,0
-1.107792,0.6474534,-0.9984982,-0.3547737,0.7967494,-0.4892095,右足首,,,,1,0,0,0,False,0,0,0,0,0,0,0,0,0
-1.355283,0.640596,-0.7448984,-0.8531299,0.4563718,-0.2527732,右足首,,,,1,0,0,0,False,0,0,0,0,0,0,0,0,0
-1.060771,0.5958892,-1.131094,-0.3656105,0.734087,-0.5722284,右足首,,,,1,0,0,0,False,0,0,0,0,0,0,0,0,0
-1.093536,0.4552564,-1.188228,-0.9980015,0.06302808,0.004535368,右足首,,,,1,0,0,0,False,0,0,0,0,0,0,0,0,0
-1.100758,0.3704933,-1.256148,-0.9980586,0.06161083,0.00912208,右足首,,,,1,0,0,0,False,0,0,0,0,0,0,0,0,0
-1.074629,0.5085834,-1.239022,-0.6210034,0.5933133,-0.5121855,右足首,,,,1,0,0,0,False,0,0,0,0,0,0,0,0,0
-1.001082,0.4443074,-1.321728,0.3519097,0.5612583,-0.7490987,右足首,,,,1,0,0,0,False,0,0,0,0,0,0,0,0,0
-0.9798538,0.4074173,-1.286266,0.9845397,0.1176192,-0.1297974,右足首,,,,1,0,0,0,False,0,0,0,0,0,0,0,0,0
-1.099308,0.307179,-1.299206,-0.980828,-0.104163,-0.1647013,右足首,,,,1,0,0,0,False,0,0,0,0,0,0,0,0,0
-1.076123,0.2682051,-1.361067,-0.8002639,-0.3672083,-0.4740629,右足首,,,,1,0,0,0,False,0,0,0,0,0,0,0,0,0
-1.036099,0.2535993,-1.3833,-0.02537824,-0.6037268,-0.7967872,右足首,,,,1,0,0,0,False,0,0,0,0,0,0,0,0,0
-0.994165,0.277798,-1.36983,0.7856093,-0.2998155,-0.541229,右足首,,,,1,0,0,0,False,0,0,0,0,0,0,0,0,0
-0.9745514,0.3368205,-1.323022,0.9775605,0.003877113,-0.2106194,右足首,,,,1,0,0,0,False,0,0,0,0,0,0,0,0,0
-0.960379,0.4438387,-1.314748,-0.6066598,0.4762498,-0.636514,右足首,,,,1,0,0,0,False,0,0,0,0,0,0,0,0,0
-0.9815718,0.3874932,-1.273721,-0.9967812,0.0740177,0.0308005,右足首,,,,1,0,0,0,False,0,0,0,0,0,0,0,0,0
-0.9833836,0.293266,-1.340654,-0.9909525,-0.0487028,-0.1250648,右足首,,,,1,0,0,0,False,0,0,0,0,0,0,0,0,0
-0.9648306,0.2437173,-1.395957,-0.7636554,-0.3400366,-0.548822,右足首,,,,1,0,0,0,False,0,0,0,0,0,0,0,0,0
-0.9193375,0.2286631,-1.408936,-0.01986017,-0.5670387,-0.8234518,右足首,,,,1,0,0,0,False,0,0,0,0,0,0,0,0,0
-0.8726531,0.2447009,-1.39858,0.7252659,-0.3495384,-0.5931377,右足首,,,,1,0,0,0,False,0,0,0,0,0,0,0,0,0
-0.964652,1.037854,0.48052,0.2524278,0.1652816,0.9533951,右足首,,,,1,0,0,0,False,0,0,0,0,0,0,0,0,0
-0.8413005,1.042957,0.4049841,0.7679805,0.1666442,0.6184139,右足首,,,,1,0,0,0,False,0,0,0,0,0,0,0,0,0
-0.7793136,1.048344,0.2454631,0.9614016,0.03658548,0.272706,右足首,,,,1,0,0,0,False,0,0,0,0,0,0,0,0,0
-0.7948902,0.8906264,0.2720872,0.9613799,-0.1786505,0.2093622,右足首,,,,1,0,0,0,False,0,0,0,0,0,0,0,0,0
-0.8405607,0.7553995,0.2763915,0.7500539,-0.621507,0.2261593,右足首,,,,1,0,0,0,False,0,0,0,0,0,0,0,0,0
-0.9678116,1.244972,0.4032105,0.2242421,0.4238745,0.8775226,右足首,,,,1,0,0,0,False,0,0,0,0,0,0,0,0,0
-0.858521,1.237357,0.3289967,0.7356847,0.3594348,0.574086,右足首,,,,1,0,0,0,False,0,0,0,0,0,0,0,0,0
-1.099503,1.052594,0.4758383,-0.2318706,0.2345995,0.9440334,右足首,,,,1,0,0,0,False,0,0,0,0,0,0,0,0,0
-1.079655,1.244521,0.3995192,-0.2577777,0.4265888,0.8669329,右足首,,,,1,0,0,0,False,0,0,0,0,0,0,0,0,0
-1.099147,0.864316,0.4917616,-0.2104804,-0.2513764,0.9447264,右足首,,,,1,0,0,0,False,0,0,0,0,0,0,0,0,0
-0.9688584,0.6661912,0.1449617,0.3157321,-0.940268,0.1273163,右足首,,,,1,0,0,0,False,0,0,0,0,0,0,0,0,0
-1.000976,0.6485783,-0.09006948,0.3431388,-0.9387095,0.03286733,右足首,,,,1,0,0,0,False,0,0,0,0,0,0,0,0,0
-1.163944,0.6149853,-0.07373875,-0.1810282,-0.9655924,0.1867089,右足首,,,,1,0,0,0,False,0,0,0,0,0,0,0,0,0
-1.202582,1.052923,0.4226702,-0.6830698,0.2467012,0.6874257,右足首,,,,1,0,0,0,False,0,0,0,0,0,0,0,0,0
-1.283387,0.7164168,0.1405813,-0.7385991,-0.6230657,0.2574113,右足首,,,,1,0,0,0,False,0,0,0,0,0,0,0,0,0
-1.304404,0.6529895,-0.07567693,-0.6709403,-0.691391,0.2679879,右足首,,,,1,0,0,0,False,0,0,0,0,0,0,0,0,0
-1.355248,0.7893108,-0.109846,-0.9811223,-0.135302,0.1381753,右足首,,,,1,0,0,0,False,0,0,0,0,0,0,0,0,0
-1.334598,0.8813596,0.1061188,-0.9889564,-0.01721054,0.1472042,右足首,,,,1,0,0,0,False,0,0,0,0,0,0,0,0,0
-1.295634,0.9630091,0.2763626,-0.9431554,0.07776133,0.3231271,右足首,,,,1,0,0,0,False,0,0,0,0,0,0,0,0,0
-1.304977,1.054762,0.07744207,-0.9766334,0.2019946,0.07338645,右足首,,,,1,0,0,0,False,0,0,0,0,0,0,0,0,0
-1.329537,0.9508003,-0.1327374,-0.9840502,0.1761927,0.02452099,右足首,,,,1,0,0,0,False,0,0,0,0,0,0,0,0,0
-1.355248,0.7893108,-0.109846,-0.9976323,0.02292265,0.06484081,右足首,,,,1,0,0,0,False,0,0,0,0,0,0,0,0,0
-1.374145,0.696515,-0.3290844,-0.9954514,-0.051405,0.08021359,右足首,,,,1,0,0,0,False,0,0,0,0,0,0,0,0,0
-1.304404,0.6529895,-0.07567693,-0.6539659,-0.7029789,0.279552,右足首,,,,1,0,0,0,False,0,0,0,0,0,0,0,0,0
-1.327421,0.5828193,-0.3017362,-0.7274603,-0.6150981,0.3040657,右足首,,,,1,0,0,0,False,0,0,0,0,0,0,0,0,0
-1.352278,0.4932292,-0.5031133,-0.6536152,-0.6961033,0.2970309,右足首,,,,1,0,0,0,False,0,0,0,0,0,0,0,0,0
-1.386103,0.6095469,-0.5338888,-0.9986106,0.00885875,0.05194575,右足首,,,,1,0,0,0,False,0,0,0,0,0,0,0,0,0
-1.393125,0.5375257,-0.7069814,-0.9993891,-0.007053718,-0.03423098,右足首,,,,1,0,0,0,False,0,0,0,0,0,0,0,0,0
-1.380454,0.4755871,-0.8535853,-0.9858641,-0.1492769,-0.07608105,右足首,,,,1,0,0,0,False,0,0,0,0,0,0,0,0,0
-1.358066,0.4456537,-0.690396,-0.6591424,-0.7251634,0.1991717,右足首,,,,1,0,0,0,False,0,0,0,0,0,0,0,0,0
-1.344434,0.40584,-0.8345057,-0.6362303,-0.7683664,0.06945588,右足首,,,,1,0,0,0,False,0,0,0,0,0,0,0,0,0
-1.174058,0.46453,-0.5045136,-0.04434191,-0.9261769,0.3744731,右足首,,,,1,0,0,0,False,0,0,0,0,0,0,0,0,0
-1.214961,0.3904753,-0.7085666,-0.1931723,-0.9352328,0.2966883,右足首,,,,1,0,0,0,False,0,0,0,0,0,0,0,0,0
-1.172869,0.5506908,-0.2976966,-0.01861582,-0.9425257,0.3336149,右足首,,,,1,0,0,0,False,0,0,0,0,0,0,0,0,0
-1.163944,0.6149853,-0.07373875,-0.0178376,-0.960834,0.27655,右足首,,,,1,0,0,0,False,0,0,0,0,0,0,0,0,0
-1.002079,0.5871377,-0.3127205,0.3295188,-0.8661736,0.3757134,右足首,,,,1,0,0,0,False,0,0,0,0,0,0,0,0,0
-0.8657112,0.657428,-0.3338661,0.5235124,-0.6611452,0.5374215,右足首,,,,1,0,0,0,False,0,0,0,0,0,0,0,0,0
-0.767625,0.4912065,-0.5293018,0.3386788,-0.7587784,0.5563741,右足首,,,,1,0,0,0,False,0,0,0,0,0,0,0,0,0
-1.000976,0.6485783,-0.09006948,0.3274285,-0.9110072,0.2507123,右足首,,,,1,0,0,0,False,0,0,0,0,0,0,0,0,0
-0.8669057,0.7276015,-0.1163672,0.6583163,-0.7095017,0.2514499,右足首,,,,1,0,0,0,False,0,0,0,0,0,0,0,0,0
-0.719582,0.3954693,-0.731843,0.3396192,-0.8402059,0.4227444,右足首,,,,1,0,0,0,False,0,0,0,0,0,0,0,0,0
-0.7270297,0.3329927,-0.8946724,0.2365714,-0.9405291,0.2438013,右足首,,,,1,0,0,0,False,0,0,0,0,0,0,0,0,0
-1.09048,0.3361773,-0.8770409,-0.08125887,-0.9840343,0.1583461,右足首,,,,1,0,0,0,False,0,0,0,0,0,0,0,0,0
-0.6635844,0.5772623,-0.560853,0.6818224,-0.4295117,0.5921468,右足首,,,,1,0,0,0,False,0,0,0,0,0,0,0,0,0
-0.5637562,0.4656998,-0.7385747,0.7989785,-0.5075878,0.3224716,右足首,,,,1,0,0,0,False,0,0,0,0,0,0,0,0,0
-0.784992,0.8581081,-0.143088,0.8856857,-0.3909985,0.2503619,右足首,,,,1,0,0,0,False,0,0,0,0,0,0,0,0,0
-0.7736655,0.7552788,-0.3542029,0.7811888,-0.4172984,0.464334,右足首,,,,1,0,0,0,False,0,0,0,0,0,0,0,0,0
-0.8305154,0.7445464,0.1177451,0.7681202,-0.6399362,0.02174659,右足首,,,,1,0,0,0,False,0,0,0,0,0,0,0,0,0
-0.8669057,0.7276015,-0.1163672,0.7924382,-0.6092355,-0.02956109,右足首,,,,1,0,0,0,False,0,0,0,0,0,0,0,0,0
-0.6223821,0.3881221,-0.8986578,0.6600291,-0.7463924,0.0852062,右足首,,,,1,0,0,0,False,0,0,0,0,0,0,0,0,0
-0.6645062,0.3435293,-1.008884,0.6490924,-0.7447962,0.1547825,右足首,,,,1,0,0,0,False,0,0,0,0,0,0,0,0,0
-0.734813,0.3130511,-1.019557,0.09294279,-0.9884464,0.1197302,右足首,,,,1,0,0,0,False,0,0,0,0,0,0,0,0,0
-0.6771306,0.3153802,-1.069605,0.5060347,-0.7877991,0.3511433,右足首,,,,1,0,0,0,False,0,0,0,0,0,0,0,0,0
-0.7417833,0.2986981,-1.067323,-0.1927647,-0.8775973,0.4389362,右足首,,,,1,0,0,0,False,0,0,0,0,0,0,0,0,0
-0.6840567,0.2608158,-1.135265,0.5117958,-0.7681221,0.3847775,右足首,,,,1,0,0,0,False,0,0,0,0,0,0,0,0,0
-0.7587011,0.2610234,-1.125095,-0.2138631,-0.8265656,0.5206264,右足首,,,,1,0,0,0,False,0,0,0,0,0,0,0,0,0
-0.7158524,0.2107858,-1.269789,0.4375776,-0.8921674,0.1120858,右足首,,,,1,0,0,0,False,0,0,0,0,0,0,0,0,0
-0.8389774,0.2922196,-1.143519,-0.7499739,-0.4157431,0.5144868,右足首,,,,1,0,0,0,False,0,0,0,0,0,0,0,0,0
-0.9813635,0.3134761,-1.025499,-0.06183556,-0.9667974,-0.2479504,右足首,,,,1,0,0,0,False,0,0,0,0,0,0,0,0,0
-0.8531907,0.3089819,-1.027676,0.002279588,-0.9436348,-0.3309807,右足首,,,,1,0,0,0,False,0,0,0,0,0,0,0,0,0
-1.109478,0.3269343,-0.9925724,-0.2118904,-0.9630538,-0.1662229,右足首,,,,1,0,0,0,False,0,0,0,0,0,0,0,0,0
-1.075729,0.377246,-1.161391,-0.8279867,-0.3437448,0.4430323,右足首,,,,1,0,0,0,False,0,0,0,0,0,0,0,0,0
-0.9844345,0.3171912,-1.199487,0.7730609,-0.3154193,0.5503522,右足首,,,,1,0,0,0,False,0,0,0,0,0,0,0,0,0
-1.038041,0.3012744,-1.179915,0.001995001,-0.5056419,0.8627412,右足首,,,,1,0,0,0,False,0,0,0,0,0,0,0,0,0
-1.091633,0.3098957,-1.194524,-0.7823882,-0.3380204,0.5230784,右足首,,,,1,0,0,0,False,0,0,0,0,0,0,0,0,0
-0.9794839,0.2594756,-1.251722,0.8117224,-0.5331556,0.2384362,右足首,,,,1,0,0,0,False,0,0,0,0,0,0,0,0,0
-0.9958603,0.241506,-1.31956,0.7313937,-0.6661568,-0.1459397,右足首,,,,1,0,0,0,False,0,0,0,0,0,0,0,0,0
-0.9485595,0.3653359,-1.19532,-0.8262124,-0.3363297,0.4519464,右足首,,,,1,0,0,0,False,0,0,0,0,0,0,0,0,0
-0.9137874,0.2559221,-1.208698,-0.174621,-0.5565243,0.8122734,右足首,,,,1,0,0,0,False,0,0,0,0,0,0,0,0,0
-0.9627225,0.2797276,-1.223586,-0.7668788,-0.2397112,0.595345,右足首,,,,1,0,0,0,False,0,0,0,0,0,0,0,0,0
-0.9653186,0.2282921,-1.27797,-0.7214246,-0.6027425,0.3409517,右足首,,,,1,0,0,0,False,0,0,0,0,0,0,0,0,0
-0.95477,0.2076287,-1.34627,-0.6329715,-0.7647895,-0.1201834,右足首,,,,1,0,0,0,False,0,0,0,0,0,0,0,0,0
-0.9123957,0.2083415,-1.26669,0.04124856,-0.9300999,0.3649832,右足首,,,,1,0,0,0,False,0,0,0,0,0,0,0,0,0
-0.8617635,0.2589808,-1.222377,0.6199117,-0.423007,0.6608893,右足首,,,,1,0,0,0,False,0,0,0,0,0,0,0,0,0
-0.9166285,0.1931911,-1.348141,0.003441759,-0.98489,-0.1731471,右足首,,,,1,0,0,0,False,0,0,0,0,0,0,0,0,0
-0.8633936,0.2248601,-1.286507,0.828618,-0.5451139,0.1274481,右足首,,,,1,0,0,0,False,0,0,0,0,0,0,0,0,0
-0.8808358,0.207334,-1.348012,0.604722,-0.7756269,-0.1808713,右足首,,,,1,0,0,0,False,0,0,0,0,0,0,0,0,0
-0.7915228,1.212874,0.1975479,0.926131,0.2001072,0.3197474,右足首,,,,1,0,0,0,False,0,0,0,0,0,0,0,0,0
-0.7774232,0.8908628,0.07959805,0.9540312,-0.2949949,0.05293781,右足首,,,,1,0,0,0,False,0,0,0,0,0,0,0,0,0
-0.784992,0.8581081,-0.143088,0.9234323,-0.3799289,0.05410119,右足首,,,,1,0,0,0,False,0,0,0,0,0,0,0,0,0
-0.7780678,1.378597,0.03025825,0.9548877,0.1457982,0.2587129,右足首,,,,1,0,0,0,False,0,0,0,0,0,0,0,0,0
-1.172829,0.240607,-1.255167,-0.6313211,-0.7609949,-0.1494001,右足首,,,,1,0,0,0,False,0,0,0,0,0,0,0,0,0
-1.18801,0.2638395,-1.19946,-0.6553342,-0.6553563,0.3755598,右足首,,,,1,0,0,0,False,0,0,0,0,0,0,0,0,0
-1.136155,0.2510881,-1.196154,0.2084395,-0.8657762,0.4549557,右足首,,,,1,0,0,0,False,0,0,0,0,0,0,0,0,0
-1.136593,0.2294172,-1.25941,0.1357581,-0.98093,-0.1390907,右足首,,,,1,0,0,0,False,0,0,0,0,0,0,0,0,0
-1.139022,0.258766,-1.302609,-0.09825127,-0.5975326,-0.7958025,右足首,,,,1,0,0,0,False,0,0,0,0,0,0,0,0,0
-1.178001,0.2715028,-1.284858,-0.7724517,-0.2977912,-0.5609267,右足首,,,,1,0,0,0,False,0,0,0,0,0,0,0,0,0
-1.103677,0.2514412,-1.261524,0.6762464,-0.7256482,-0.1269859,右足首,,,,1,0,0,0,False,0,0,0,0,0,0,0,0,0
-1.098428,0.2810684,-1.295255,0.7689162,-0.2728592,-0.5782004,右足首,,,,1,0,0,0,False,0,0,0,0,0,0,0,0,0
-1.198252,0.3188487,-1.237704,-0.978436,-0.08446082,-0.1884923,右足首,,,,1,0,0,0,False,0,0,0,0,0,0,0,0,0
-1.208168,0.38757,-1.174389,-0.9972805,-0.02443433,-0.06953148,右足首,,,,1,0,0,0,False,0,0,0,0,0,0,0,0,0
-1.186414,0.3131108,-1.146892,-0.7066308,-0.4185782,0.5704956,右足首,,,,1,0,0,0,False,0,0,0,0,0,0,0,0,0
-1.144879,0.2977374,-1.142489,-0.01803758,-0.6261071,0.7795284,右足首,,,,1,0,0,0,False,0,0,0,0,0,0,0,0,0
-1.186117,0.372043,-1.111392,-0.7012855,-0.6500585,0.2926134,右足首,,,,1,0,0,0,False,0,0,0,0,0,0,0,0,0
-1.217319,0.3503118,-0.8537968,-0.2265681,-0.9661683,0.1232301,右足首,,,,1,0,0,0,False,0,0,0,0,0,0,0,0,0
-1.324577,0.3996563,-0.9079918,-0.4743671,-0.8794344,0.03963564,右足首,,,,1,0,0,0,False,0,0,0,0,0,0,0,0,0
-1.368626,0.4466141,-0.9164073,-0.970295,-0.2175307,-0.1058675,右足首,,,,1,0,0,0,False,0,0,0,0,0,0,0,0,0
-1.34902,0.4492723,-1.015499,-0.9315625,0.2050318,-0.300255,右足首,,,,1,0,0,0,False,0,0,0,0,0,0,0,0,0
-1.334576,0.388443,-1.062937,-0.9018458,-0.03168458,-0.4308949,右足首,,,,1,0,0,0,False,0,0,0,0,0,0,0,0,0
-1.233959,0.299583,-1.031184,0.5840507,-0.6461871,0.4912504,右足首,,,,1,0,0,0,False,0,0,0,0,0,0,0,0,0
-1.205963,0.3336968,-1.050471,0.91216,-0.2126314,0.3503599,右足首,,,,1,0,0,0,False,0,0,0,0,0,0,0,0,0
-1.196066,0.3155623,-1.094796,0.9245602,-0.3753668,0.06548514,右足首,,,,1,0,0,0,False,0,0,0,0,0,0,0,0,0
-1.194961,0.3307548,-1.144564,0.8593802,-0.2150635,-0.4639111,右足首,,,,1,0,0,0,False,0,0,0,0,0,0,0,0,0
-1.202635,0.4182994,-1.08054,0.9613733,0.274945,-0.01291073,右足首,,,,1,0,0,0,False,0,0,0,0,0,0,0,0,0
-1.195563,0.3804492,-1.112097,0.9718175,0.2096377,-0.1078098,右足首,,,,1,0,0,0,False,0,0,0,0,0,0,0,0,0
-1.321624,0.4787069,-1.055209,-0.7255996,0.4318163,-0.535761,右足首,,,,1,0,0,0,False,0,0,0,0,0,0,0,0,0
-1.247732,0.5096326,-1.089206,0.287156,0.6647087,-0.6897128,右足首,,,,1,0,0,0,False,0,0,0,0,0,0,0,0,0
-1.188328,0.4371587,-1.228168,-0.6024931,0.426509,-0.6746052,右足首,,,,1,0,0,0,False,0,0,0,0,0,0,0,0,0
-1.302572,0.42531,-1.103191,-0.6158008,0.2917975,-0.7318768,右足首,,,,1,0,0,0,False,0,0,0,0,0,0,0,0,0
-1.295391,1.122529,-0.1302246,-0.995232,0.06256793,0.07482313,右足首,,,,1,0,0,0,False,0,0,0,0,0,0,0,0,0
0.4518561,5.660748,-0.2616891,-0.8499302,-0.07293997,-0.521822,左ひざ,,,,1,0,0,0,False,0,0,0,0,0,0,0,0,0
0.5859755,5.671951,-0.4187678,-0.7031102,-0.094031,-0.7048363,左ひざ,,,,1,0,0,0,False,0,0,0,0,0,0,0,0,0
0.3762751,5.6589,-0.07034798,-0.9364743,-0.086433,-0.3399196,左ひざ,,,,1,0,0,0,False,0,0,0,0,0,0,0,0,0
0.3932722,5.664321,0.1361452,-0.9701236,-0.05145099,0.2370927,左ひざ,,,,1,0,0,0,False,0,0,0,0,0,0,0,0,0
0.3762751,5.6589,-0.07034798,-0.9944083,-0.06458931,0.08354855,左ひざ,,,,1,0,0,0,False,0,0,0,0,0,0,0,0,0
0.5105421,5.676828,0.3239025,-0.7369468,-0.008393111,0.6758987,左ひざ,,,,1,0,0,0,False,0,0,0,0,0,0,0,0,0
0.7482882,5.697347,0.4737695,-0.3488918,0.06082393,0.9351872,左ひざ,,,,1,0,0,0,False,0,0,0,0,0,0,0,0,0
1.468601,5.736083,-0.2419679,0.8792357,-0.01493481,-0.4761528,左ひざ,,,,1,0,0,0,False,0,0,0,0,0,0,0,0,0
1.317677,5.720521,-0.4477757,0.6528542,-0.06084051,-0.7550364,左ひざ,,,,1,0,0,0,False,0,0,0,0,0,0,0,0,0
1.05696,5.697615,-0.586295,0.2042585,-0.08353942,-0.9753459,左ひざ,,,,1,0,0,0,False,0,0,0,0,0,0,0,0,0
0.7868138,5.67863,-0.559772,-0.3891378,-0.09403795,-0.9163671,左ひざ,,,,1,0,0,0,False,0,0,0,0,0,0,0,0,0
1.078115,4.922417,-0.5624097,0.2108938,-0.01994357,-0.9773056,左ひざ,,,,1,0,0,0,False,0,0,0,0,0,0,0,0,0
1.309934,4.941628,-0.4273174,0.6537684,-0.01308362,-0.7565815,左ひざ,,,,1,0,0,0,False,0,0,0,0,0,0,0,0,0
0.8336833,4.90478,-0.5365269,-0.3315181,-0.05189191,-0.9420207,左ひざ,,,,1,0,0,0,False,0,0,0,0,0,0,0,0,0
0.6609852,4.894018,-0.4002881,-0.668915,-0.07773042,-0.7392636,左ひざ,,,,1,0,0,0,False,0,0,0,0,0,0,0,0,0
0.7107447,4.316381,-0.3832216,-0.7217414,-0.08761071,-0.6865957,左ひざ,,,,1,0,0,0,False,0,0,0,0,0,0,0,0,0
0.8730461,4.326922,-0.5119889,-0.4121853,-0.04753013,-0.9098595,左ひざ,,,,1,0,0,0,False,0,0,0,0,0,0,0,0,0
1.094992,4.342938,-0.5494628,0.1755314,-0.009105603,-0.9844317,左ひざ,,,,1,0,0,0,False,0,0,0,0,0,0,0,0,0
0.8983926,3.75986,-0.5019573,-0.4772897,-0.04192676,-0.8777453,左ひざ,,,,1,0,0,0,False,0,0,0,0,0,0,0,0,0
1.101734,3.773423,-0.5484414,0.1220545,-0.02857293,-0.992112,左ひざ,,,,1,0,0,0,False,0,0,0,0,0,0,0,0,0
0.7609906,3.751781,-0.3552661,-0.7962123,-0.06815407,-0.6011665,左ひざ,,,,1,0,0,0,False,0,0,0,0,0,0,0,0,0
0.5793402,4.309145,-0.203495,-0.9013658,-0.1310392,-0.4127574,左ひざ,,,,1,0,0,0,False,0,0,0,0,0,0,0,0,0
0.6590846,3.746375,-0.1766237,-0.9389647,-0.1024503,-0.3284042,左ひざ,,,,1,0,0,0,False,0,0,0,0,0,0,0,0,0
0.5150918,4.885573,-0.2358777,-0.8686789,-0.1032974,-0.4844861,左ひざ,,,,1,0,0,0,False,0,0,0,0,0,0,0,0,0
0.4517314,4.88449,-0.0236205,-0.9548358,-0.1231763,-0.2704001,左ひざ,,,,1,0,0,0,False,0,0,0,0,0,0,0,0,0
0.5252652,4.308497,0.01179051,-0.9551028,-0.135702,-0.26337,左ひざ,,,,1,0,0,0,False,0,0,0,0,0,0,0,0,0
0.5945913,3.744226,0.02278688,-0.9434553,-0.1263085,-0.3064937,左ひざ,,,,1,0,0,0,False,0,0,0,0,0,0,0,0,0
0.5252652,4.308497,0.01179051,-0.9905249,-0.1217922,0.06345884,左ひざ,,,,1,0,0,0,False,0,0,0,0,0,0,0,0,0
0.4517314,4.88449,-0.0236205,-0.992432,-0.1005668,0.07046416,左ひざ,,,,1,0,0,0,False,0,0,0,0,0,0,0,0,0
0.4639824,4.887847,0.1729413,-0.9393923,-0.09260985,0.3300996,左ひざ,,,,1,0,0,0,False,0,0,0,0,0,0,0,0,0
0.5945913,3.744226,0.02278688,-0.9662415,-0.1382248,0.2174196,左ひざ,,,,1,0,0,0,False,0,0,0,0,0,0,0,0,0
0.5710798,4.900764,0.3441677,-0.7183845,-0.05877203,0.6931592,左ひざ,,,,1,0,0,0,False,0,0,0,0,0,0,0,0,0
0.784776,4.919991,0.5088423,-0.3957698,-0.01948301,0.9181432,左ひざ,,,,1,0,0,0,False,0,0,0,0,0,0,0,0,0
0.8200193,4.338663,0.49649,-0.4107852,-0.09968422,0.9062662,左ひざ,,,,1,0,0,0,False,0,0,0,0,0,0,0,0,0
0.8529556,3.768299,0.4170123,-0.3970228,-0.1604815,0.9036695,左ひざ,,,,1,0,0,0,False,0,0,0,0,0,0,0,0,0
1.086991,4.358937,0.5413702,0.100838,-0.08148849,0.99156,左ひざ,,,,1,0,0,0,False,0,0,0,0,0,0,0,0,0
1.075181,4.94257,0.5690007,0.08517397,0.004137291,0.9963576,左ひざ,,,,1,0,0,0,False,0,0,0,0,0,0,0,0,0
1.104537,3.787085,0.4686321,0.1070078,-0.1635078,0.9807214,左ひざ,,,,1,0,0,0,False,0,0,0,0,0,0,0,0,0
1.102688,3.103574,0.3306992,0.08835755,-0.1755732,0.9804932,左ひざ,,,,1,0,0,0,False,0,0,0,0,0,0,0,0,0
0.8977458,3.089274,0.3132327,-0.35785,-0.1706386,0.9180555,左ひざ,,,,1,0,0,0,False,0,0,0,0,0,0,0,0,0
0.7306134,3.075686,0.1779841,-0.8146334,-0.1545576,0.5590031,左ひざ,,,,1,0,0,0,False,0,0,0,0,0,0,0,0,0
0.9333041,2.577591,0.228342,-0.3245842,-0.1331824,0.9364334,左ひざ,,,,1,0,0,0,False,0,0,0,0,0,0,0,0,0
0.793898,2.566127,0.1316905,-0.7854227,-0.126822,0.6058279,左ひざ,,,,1,0,0,0,False,0,0,0,0,0,0,0,0,0
1.107959,2.589737,0.2438093,0.2008662,-0.1507151,0.9679555,左ひざ,,,,1,0,0,0,False,0,0,0,0,0,0,0,0,0
1.341546,3.802706,0.3717857,0.6020494,-0.1287094,0.7880168,左ひざ,,,,1,0,0,0,False,0,0,0,0,0,0,0,0,0
1.289968,3.114166,0.2547896,0.5964486,-0.1755654,0.7832151,左ひざ,,,,1,0,0,0,False,0,0,0,0,0,0,0,0,0
1.26587,2.599203,0.1521134,0.6850281,-0.1304505,0.7167421,左ひざ,,,,1,0,0,0,False,0,0,0,0,0,0,0,0,0
1.12026,2.113355,0.1920017,0.2768576,-0.1127937,0.954268,左ひざ,,,,1,0,0,0,False,0,0,0,0,0,0,0,0,0
0.9695932,2.103833,0.1939936,-0.3308543,-0.08601852,0.9397533,左ひざ,,,,1,0,0,0,False,0,0,0,0,0,0,0,0,0
1.25893,2.121311,0.0933881,0.7374753,-0.1353519,0.6616721,左ひざ,,,,1,0,0,0,False,0,0,0,0,0,0,0,0,0
1.362104,2.604428,0.01432606,0.9387257,-0.1006041,0.329656,左ひざ,,,,1,0,0,0,False,0,0,0,0,0,0,0,0,0
1.343344,2.125463,-0.05305197,0.9540722,-0.09448773,0.2842856,左ひざ,,,,1,0,0,0,False,0,0,0,0,0,0,0,0,0
1.397759,3.12004,0.1035799,0.9196593,-0.1450201,0.3649603,左ひざ,,,,1,0,0,0,False,0,0,0,0,0,0,0,0,0
1.375972,2.603733,-0.1609183,0.9955766,-0.0731115,0.05900801,左ひざ,,,,1,0,0,0,False,0,0,0,0,0,0,0,0,0
1.346185,2.123993,-0.2067191,0.9970138,-0.0740151,-0.02202705,左ひざ,,,,1,0,0,0,False,0,0,0,0,0,0,0,0,0
1.426015,3.121521,-0.09854404,0.986565,-0.113583,0.1174244,左ひざ,,,,1,0,0,0,False,0,0,0,0,0,0,0,0,0
1.346185,2.123993,-0.2067191,0.9508155,-0.05869088,-0.3041466,左ひざ,,,,1,0,0,0,False,0,0,0,0,0,0,0,0,0
1.375972,2.603733,-0.1609183,0.9616593,-0.04937908,-0.2697653,左ひざ,,,,1,0,0,0,False,0,0,0,0,0,0,0,0,0
1.327611,2.598172,-0.3361668,0.8823227,-0.03188019,-0.469564,左ひざ,,,,1,0,0,0,False,0,0,0,0,0,0,0,0,0
1.29683,2.118191,-0.3493857,0.8587075,-0.07295119,-0.5072471,左ひざ,,,,1,0,0,0,False,0,0,0,0,0,0,0,0,0
1.426015,3.121521,-0.09854404,0.9537206,-0.08351503,-0.2888639,左ひざ,,,,1,0,0,0,False,0,0,0,0,0,0,0,0,0
1.370683,3.115557,-0.2863631,0.8918368,-0.0601984,-0.448334,左ひざ,,,,1,0,0,0,False,0,0,0,0,0,0,0,0,0
1.215869,2.588809,-0.4697025,0.5873765,-0.01104031,-0.8092384,左ひざ,,,,1,0,0,0,False,0,0,0,0,0,0,0,0,0
1.18669,2.108918,-0.4714088,0.5648466,-0.0659519,-0.8225562,左ひざ,,,,1,0,0,0,False,0,0,0,0,0,0,0,0,0
1.248668,3.104994,-0.4385802,0.6171758,-0.02939693,-0.7862759,左ひざ,,,,1,0,0,0,False,0,0,0,0,0,0,0,0,0
1.312427,3.789917,-0.4455498,0.6493186,-0.02261244,-0.7601802,左ひざ,,,,1,0,0,0,False,0,0,0,0,0,0,0,0,0
1.445859,3.802243,-0.2567697,0.892106,-0.0378168,-0.4502406,左ひざ,,,,1,0,0,0,False,0,0,0,0,0,0,0,0,0
1.518109,3.810196,-0.03681977,0.9439167,-0.04234269,-0.3274573,左ひざ,,,,1,0,0,0,False,0,0,0,0,0,0,0,0,0
1.455402,4.374178,-0.2352524,0.8743036,-0.006790936,-0.485332,左ひざ,,,,1,0,0,0,False,0,0,0,0,0,0,0,0,0
1.305238,4.360325,-0.4290264,0.6622253,0.00974699,-0.7492414,左ひざ,,,,1,0,0,0,False,0,0,0,0,0,0,0,0,0
1.545931,4.383933,-0.002821919,0.9277154,-0.02027885,-0.372737,左ひざ,,,,1,0,0,0,False,0,0,0,0,0,0,0,0,0
1.481443,3.810549,0.1897238,0.9162692,-0.11663,0.3832079,左ひざ,,,,1,0,0,0,False,0,0,0,0,0,0,0,0,0
1.518109,3.810196,-0.03681977,0.9819791,-0.1130208,0.1514711,左ひざ,,,,1,0,0,0,False,0,0,0,0,0,0,0,0,0
1.510907,4.384928,0.2383984,0.9019786,-0.0525504,0.428571,左ひざ,,,,1,0,0,0,False,0,0,0,0,0,0,0,0,0
1.545931,4.383933,-0.002821919,0.9875218,-0.05093633,0.1490172,左ひざ,,,,1,0,0,0,False,0,0,0,0,0,0,0,0,0
1.352213,4.376613,0.4405675,0.5479257,-0.06411902,0.8340662,左ひざ,,,,1,0,0,0,False,0,0,0,0,0,0,0,0,0
1.523194,4.968894,0.2501164,0.887514,0.001860501,0.4607772,左ひざ,,,,1,0,0,0,False,0,0,0,0,0,0,0,0,0
1.564456,4.96744,0.002484875,0.9877173,-0.01115866,0.1558526,左ひざ,,,,1,0,0,0,False,0,0,0,0,0,0,0,0,0
1.354341,4.960794,0.4640993,0.5848342,0.008921152,0.8111039,左ひざ,,,,1,0,0,0,False,0,0,0,0,0,0,0,0,0
1.345536,5.740786,0.42799,0.550914,0.05848399,0.8325104,左ひざ,,,,1,0,0,0,False,0,0,0,0,0,0,0,0,0
1.524154,5.748877,0.2250048,0.9335452,0.01407341,0.3581832,左ひざ,,,,1,0,0,0,False,0,0,0,0,0,0,0,0,0
1.058042,5.722409,0.523706,0.08715362,0.08993716,0.9921268,左ひざ,,,,1,0,0,0,False,0,0,0,0,0,0,0,0,0
1.561529,5.746994,-0.01996702,0.9882624,0.02573974,0.1505822,左ひざ,,,,1,0,0,0,False,0,0,0,0,0,0,0,0,0
1.561529,5.746994,-0.01996702,0.922399,0.003437893,-0.3862232,左ひざ,,,,1,0,0,0,False,0,0,0,0,0,0,0,0,0
1.465165,4.956316,-0.2286078,0.8662653,-0.01542061,-0.4993463,左ひざ,,,,1,0,0,0,False,0,0,0,0,0,0,0,0,0
1.564456,4.96744,0.002484875,0.9201694,-0.01468268,-0.3912453,左ひざ,,,,1,0,0,0,False,0,0,0,0,0,0,0,0,0
1.069676,3.091411,-0.5210937,0.08668844,-0.008989735,-0.996195,左ひざ,,,,1,0,0,0,False,0,0,0,0,0,0,0,0,0
0.8835817,3.079623,-0.4740828,-0.58271,-0.01079434,-0.8126085,左ひざ,,,,1,0,0,0,False,0,0,0,0,0,0,0,0,0
1.054947,2.577157,-0.5328045,0.05247523,0.004091034,-0.9986138,左ひざ,,,,1,0,0,0,False,0,0,0,0,0,0,0,0,0
0.8934718,2.566811,-0.4864221,-0.5539528,-0.006037327,-0.8325261,左ひざ,,,,1,0,0,0,False,0,0,0,0,0,0,0,0,0
0.889356,2.090641,-0.4680481,-0.6544929,-0.004575571,-0.7560543,左ひざ,,,,1,0,0,0,False,0,0,0,0,0,0,0,0,0
1.038943,2.098893,-0.5296776,0.01437642,-0.03684422,-0.9992177,左ひざ,,,,1,0,0,0,False,0,0,0,0,0,0,0,0,0
0.8632956,1.816048,-0.4503646,-0.6787602,0.01626527,-0.7341799,左ひざ,左足首,,,0.6,0.4,0,0,False,0,0,0,0,0,0,0,0,0
1.003887,1.813957,-0.5185795,-0.02482244,-0.0565902,-0.9980889,左ひざ,左足首,,,0.6,0.4,0,0,False,0,0,0,0,0,0,0,0,0
1.149815,1.824632,-0.4595717,0.536795,-0.09354032,-0.8385115,左ひざ,左足首,,,0.6,0.4,0,0,False,0,0,0,0,0,0,0,0,0
1.124027,1.597556,-0.4466519,0.4760827,-0.04024427,-0.8784791,左足首,左ひざ,,,0.68,0.32,0,0,False,0,0,0,0,0,0,0,0,0
0.9812871,1.604595,-0.5029691,-0.036183,0.0360138,-0.998696,左足首,左ひざ,,,0.68,0.32,0,0,False,0,0,0,0,0,0,0,0,0
1.315989,1.868942,-0.2239619,0.9087207,-0.0634663,-0.4125518,左ひざ,左足首,,,0.6,0.4,0,0,False,0,0,0,0,0,0,0,0,0
1.337318,1.59966,-0.1917305,0.8285894,-0.008050664,-0.5597988,左足首,左ひざ,,,0.68,0.32,0,0,False,0,0,0,0,0,0,0,0,0
1.106349,1.410915,-0.4699735,0.5399327,0.1816522,-0.8218729,左足首,,,,1,0,0,0,False,0,0,0,0,0,0,0,0,0
1.106898,1.197161,-0.5722464,0.5193579,0.4317857,-0.7374473,左足首,,,,1,0,0,0,False,0,0,0,0,0,0,0,0,0
1.230018,1.156596,-0.4645147,0.8228654,0.2971051,-0.484377,左足首,,,,1,0,0,0,False,0,0,0,0,0,0,0,0,0
1.289438,1.129047,-0.3063652,0.958928,0.1629606,-0.2321656,左足首,,,,1,0,0,0,False,0,0,0,0,0,0,0,0,0
1.329893,1.246305,-0.1412655,0.947808,-0.08558736,-0.3071398,左足首,,,,1,0,0,0,False,0,0,0,0,0,0,0,0,0
1.323256,1.124224,-0.1315053,0.9802029,0.06257681,-0.187847,左足首,,,,1,0,0,0,False,0,0,0,0,0,0,0,0,0
1.356381,0.9563695,-0.1336147,0.9613759,0.2425477,-0.1301039,左足首,,,,1,0,0,0,False,0,0,0,0,0,0,0,0,0
1.331741,1.060288,0.07948019,0.9767271,0.2013807,0.07382496,左足首,,,,1,0,0,0,False,0,0,0,0,0,0,0,0,0
1.323256,1.124224,-0.1315053,0.9952158,0.0602863,0.07688465,左足首,,,,1,0,0,0,False,0,0,0,0,0,0,0,0,0
1.356381,0.9563695,-0.1336147,0.9852084,0.1707003,0.01503079,左足首,,,,1,0,0,0,False,0,0,0,0,0,0,0,0,0
1.321828,1.286412,-0.0009463396,0.951455,-0.1858315,0.2453568,左足首,,,,1,0,0,0,False,0,0,0,0,0,0,0,0,0
1.329893,1.246305,-0.1412655,0.9834657,-0.1511587,0.09973125,左足首,,,,1,0,0,0,False,0,0,0,0,0,0,0,0,0
1.369984,0.8469179,-0.3749934,0.9825616,0.1831951,-0.0318159,左足首,,,,1,0,0,0,False,0,0,0,0,0,0,0,0,0
1.40251,0.6952018,-0.3266876,0.9955728,-0.04980407,0.07971464,左足首,,,,1,0,0,0,False,0,0,0,0,0,0,0,0,0
1.383302,0.7875207,-0.1068988,0.9931864,-0.05645818,0.1019477,左足首,,,,1,0,0,0,False,0,0,0,0,0,0,0,0,0
1.3624,0.8803077,0.1098415,0.9889508,-0.01754567,0.1472022,左足首,,,,1,0,0,0,False,0,0,0,0,0,0,0,0,0
1.322162,0.9647745,0.2853811,0.9430746,0.07674879,0.3236047,左足首,,,,1,0,0,0,False,0,0,0,0,0,0,0,0,0
1.22255,1.058613,0.4429801,0.6827619,0.246276,0.6878839,左足首,,,,1,0,0,0,False,0,0,0,0,0,0,0,0,0
1.164284,1.45391,0.2676032,0.6494416,0.395298,0.6495885,左足首,左ひざ,,,0.68,0.32,0,0,False,0,0,0,0,0,0,0,0,0
1.28257,1.470928,0.1103922,0.7934912,0.0903968,0.6018307,左足首,,,,1,0,0,0,False,0,0,0,0,0,0,0,0,0
1.123048,1.638485,0.2020196,0.5388104,0.2881579,0.7916113,左ひざ,左足首,,,0.54,0.46,0,0,False,0,0,0,0,0,0,0,0,0
1.134459,1.917248,0.1471574,0.5485597,-0.03589066,0.8353407,左ひざ,左足首,,,0.6,0.4,0,0,False,0,0,0,0,0,0,0,0,0
0.9908614,1.924587,0.1852125,-0.1074904,0.02490279,0.9938942,左ひざ,左足首,,,0.6,0.4,0,0,False,0,0,0,0,0,0,0,0,0
0.8794487,1.626963,0.172921,-0.7316167,0.2166126,0.6463868,左ひざ,左足首,,,0.54,0.46,0,0,False,0,0,0,0,0,0,0,0,0
0.869507,1.900261,0.1119305,-0.7651101,0.04236379,0.6425043,左ひざ,左足首,,,0.6,0.4,0,0,False,0,0,0,0,0,0,0,0,0
0.847661,2.094778,0.1164281,-0.7564972,-0.104208,0.6456413,左ひざ,,,,1,0,0,0,False,0,0,0,0,0,0,0,0,0
0.7905658,2.089568,-0.01529898,-0.9005491,-0.08403923,0.4265545,左ひざ,,,,1,0,0,0,False,0,0,0,0,0,0,0,0,0
0.8015454,1.395462,0.138906,-0.862938,0.2587361,0.4340432,左足首,左ひざ,,,0.68,0.32,0,0,False,0,0,0,0,0,0,0,0,0
0.866394,1.422755,0.2426529,-0.7488071,0.3486257,0.5636916,左足首,左ひざ,,,0.68,0.32,0,0,False,0,0,0,0,0,0,0,0,0
0.7516335,1.381106,0.0375656,-0.9407932,0.161374,0.2981049,左足首,,,,1,0,0,0,False,0,0,0,0,0,0,0,0,0
0.7658346,1.218046,0.2061015,-0.9231708,0.2224185,0.3135054,左足首,,,,1,0,0,0,False,0,0,0,0,0,0,0,0,0
0.8378028,1.246045,0.3462726,-0.7354896,0.3605542,0.5736338,左足首,,,,1,0,0,0,False,0,0,0,0,0,0,0,0,0
0.7206878,1.348978,-0.1304013,-0.9880369,0.06075577,0.1417457,左足首,,,,1,0,0,0,False,0,0,0,0,0,0,0,0,0
0.7526502,1.049566,0.2530523,-0.9612966,0.0366207,0.2730713,左足首,,,,1,0,0,0,False,0,0,0,0,0,0,0,0,0
0.760349,0.8458945,-0.1393771,-0.9093032,-0.3863852,0.1545131,左足首,,,,1,0,0,0,False,0,0,0,0,0,0,0,0,0
0.7515815,0.7434667,-0.3408389,-0.7836783,-0.4150908,0.4621127,左足首,,,,1,0,0,0,False,0,0,0,0,0,0,0,0,0
0.7511813,0.8825449,0.08136013,-0.9539474,-0.2953432,0.05250718,左足首,,,,1,0,0,0,False,0,0,0,0,0,0,0,0,0
0.8466113,0.7077275,-0.113587,-0.7276042,-0.6789001,0.09842189,左足首,,,,1,0,0,0,False,0,0,0,0,0,0,0,0,0
0.8491843,0.6383662,-0.3201816,-0.5272461,-0.6914691,0.4938442,左足首,,,,1,0,0,0,False,0,0,0,0,0,0,0,0,0
0.8084661,0.7257143,0.1189643,-0.8113132,-0.5840291,0.02609973,左足首,,,,1,0,0,0,False,0,0,0,0,0,0,0,0,0
0.9910191,0.6228012,-0.08606545,-0.33439,-0.9271463,0.1690651,左足首,,,,1,0,0,0,False,0,0,0,0,0,0,0,0,0
0.9922823,0.5636281,-0.3008144,-0.284613,-0.8734128,0.3951525,左足首,,,,1,0,0,0,False,0,0,0,0,0,0,0,0,0
0.9598439,0.6399782,0.1480272,-0.3448088,-0.9325763,0.1068104,左足首,,,,1,0,0,0,False,0,0,0,0,0,0,0,0,0
1.165546,0.5873268,-0.06745148,0.1178985,-0.9673002,0.2245666,左足首,,,,1,0,0,0,False,0,0,0,0,0,0,0,0,0
1.173024,0.5246387,-0.2880228,0.02101501,-0.9425539,0.3333924,左足首,,,,1,0,0,0,False,0,0,0,0,0,0,0,0,0
0.7567934,0.4709373,-0.5129152,-0.3383783,-0.7588472,0.5564629,左足首,,,,1,0,0,0,False,0,0,0,0,0,0,0,0,0
1.175558,0.4390582,-0.4939377,0.04621778,-0.9263043,0.3739309,左足首,,,,1,0,0,0,False,0,0,0,0,0,0,0,0,0
1.325306,0.6321805,-0.06784685,0.6615911,-0.696852,0.2769379,左足首,,,,1,0,0,0,False,0,0,0,0,0,0,0,0,0
1.347611,0.5611841,-0.2917095,0.7274895,-0.6143319,0.3055413,左足首,,,,1,0,0,0,False,0,0,0,0,0,0,0,0,0
1.372878,0.471281,-0.4935506,0.652561,-0.6973565,0.2964086,左足首,,,,1,0,0,0,False,0,0,0,0,0,0,0,0,0
1.414745,0.6092038,-0.532589,0.9985533,0.00719116,0.05328607,左足首,,,,1,0,0,0,False,0,0,0,0,0,0,0,0,0
1.378775,0.4241985,-0.6840007,0.6582796,-0.726459,0.1972949,左足首,,,,1,0,0,0,False,0,0,0,0,0,0,0,0,0
1.219242,0.3644506,-0.7003683,0.1927201,-0.9355522,0.2959748,左足首,,,,1,0,0,0,False,0,0,0,0,0,0,0,0,0
1.422087,0.5365273,-0.7080612,0.9994336,-0.01026307,-0.03205036,左足首,,,,1,0,0,0,False,0,0,0,0,0,0,0,0,0
1.37241,0.7486866,-0.5765764,0.967655,0.2393025,-0.07986411,左足首,,,,1,0,0,0,False,0,0,0,0,0,0,0,0,0
1.378839,0.6538988,-0.7533199,0.9505062,0.2795471,-0.1356152,左足首,,,,1,0,0,0,False,0,0,0,0,0,0,0,0,0
1.409563,0.4712265,-0.8577652,0.9915744,-0.09349419,-0.08966058,左足首,,,,1,0,0,0,False,0,0,0,0,0,0,0,0,0
1.364068,0.3844019,-0.8302348,0.6352915,-0.7687629,0.07354291,左足首,,,,1,0,0,0,False,0,0,0,0,0,0,0,0,0
1.371957,0.5562881,-0.9058264,0.9354244,0.2847833,-0.209475,左足首,,,,1,0,0,0,False,0,0,0,0,0,0,0,0,0
1.252428,0.7382972,-0.8081089,0.6081975,0.639873,-0.469743,左足首,,,,1,0,0,0,False,0,0,0,0,0,0,0,0,0
1.378839,0.6538988,-0.7533199,0.6224383,0.6740338,-0.3978055,左足首,,,,1,0,0,0,False,0,0,0,0,0,0,0,0,0
1.375483,0.5018715,-0.9664856,0.962158,0.169201,-0.2135957,左足首,,,,1,0,0,0,False,0,0,0,0,0,0,0,0,0
1.397622,0.4376639,-0.9185834,0.9405218,-0.3319041,-0.07251611,左足首,,,,1,0,0,0,False,0,0,0,0,0,0,0,0,0
1.375275,0.4535481,-1.024315,0.9831082,0.04428,-0.1775885,左足首,,,,1,0,0,0,False,0,0,0,0,0,0,0,0,0
1.342274,0.4909557,-1.070597,0.7269512,0.4259409,-0.5386243,左足首,,,,1,0,0,0,False,0,0,0,0,0,0,0,0,0
1.375275,0.4535481,-1.024315,0.8738475,0.309745,-0.3747647,左足首,,,,1,0,0,0,False,0,0,0,0,0,0,0,0,0
1.360091,0.3864636,-1.074576,0.9528471,-0.1686322,-0.2522808,左足首,,,,1,0,0,0,False,0,0,0,0,0,0,0,0,0
1.321959,0.4320307,-1.122905,0.6198856,0.2912285,-0.7286479,左足首,,,,1,0,0,0,False,0,0,0,0,0,0,0,0,0
1.360091,0.3864636,-1.074576,0.8317501,0.07593429,-0.5499325,左足首,,,,1,0,0,0,False,0,0,0,0,0,0,0,0,0
1.23694,0.5379617,-1.116834,-0.4228603,0.6272662,-0.6540079,左足首,,,,1,0,0,0,False,0,0,0,0,0,0,0,0,0
1.300785,0.3779711,-1.153946,0.7371432,0.05355045,-0.6736114,左足首,,,,1,0,0,0,False,0,0,0,0,0,0,0,0,0
1.330113,0.3222683,-1.1088,0.7920871,-0.1355719,-0.5951624,左足首,,,,1,0,0,0,False,0,0,0,0,0,0,0,0,0
1.174389,0.4259551,-1.080659,-0.8635606,0.4229992,-0.2744715,左足首,,,,1,0,0,0,False,0,0,0,0,0,0,0,0,0
1.167679,0.3869671,-1.114226,-0.8897693,0.3494404,-0.2936021,左足首,,,,1,0,0,0,False,0,0,0,0,0,0,0,0,0
1.190406,0.4675731,-1.026608,-0.924402,0.2822024,-0.2565983,左足首,,,,1,0,0,0,False,0,0,0,0,0,0,0,0,0
1.179284,0.3263342,-1.042189,-0.9122971,-0.2206061,0.3450318,左足首,,,,1,0,0,0,False,0,0,0,0,0,0,0,0,0
1.167679,0.3869671,-1.114226,-0.9907611,0.01928863,0.1342403,左足首,,,,1,0,0,0,False,0,0,0,0,0,0,0,0,0
1.174389,0.4259551,-1.080659,-0.9631943,0.03879607,0.2659918,左足首,,,,1,0,0,0,False,0,0,0,0,0,0,0,0,0
1.213605,0.5079058,-1.070479,-0.9464316,0.2994932,0.1207099,左足首,,,,1,0,0,0,False,0,0,0,0,0,0,0,0,0
1.217746,0.2800925,-1.016234,-0.5754535,-0.6543535,0.4905863,左足首,,,,1,0,0,0,False,0,0,0,0,0,0,0,0,0
1.168613,0.3052732,-1.09217,-0.9226798,-0.3807531,0.06073681,左足首,,,,1,0,0,0,False,0,0,0,0,0,0,0,0,0
1.276189,0.3296345,-1.18214,0.561814,-0.3486229,-0.7502181,左足首,,,,1,0,0,0,False,0,0,0,0,0,0,0,0,0
1.275309,0.2689426,-1.153733,0.5088828,-0.3709565,-0.7768074,左足首,,,,1,0,0,0,False,0,0,0,0,0,0,0,0,0
1.212154,0.2715527,-1.169635,0.007150244,-0.4531791,-0.8913908,左足首,,,,1,0,0,0,False,0,0,0,0,0,0,0,0,0
1.236678,0.3446021,-1.211241,-0.2660435,-0.4113828,-0.8717713,左足首,,,,1,0,0,0,False,0,0,0,0,0,0,0,0,0
1.241246,0.3617669,-1.212731,0.1148579,0.296556,-0.9480835,左足首,,,,1,0,0,0,False,0,0,0,0,0,0,0,0,0
1.236678,0.3446021,-1.211241,0.2453534,-0.1274049,-0.9610254,左足首,,,,1,0,0,0,False,0,0,0,0,0,0,0,0,0
1.16631,0.3249732,-1.157191,-0.7282397,-0.1293083,-0.673013,左足首,,,,1,0,0,0,False,0,0,0,0,0,0,0,0,0
1.183342,0.3686866,-1.184279,-0.8563393,0.1255082,-0.5009298,左足首,,,,1,0,0,0,False,0,0,0,0,0,0,0,0,0
1.262098,0.4101785,-1.164197,0.4524957,0.4811469,-0.7508298,左足首,,,,1,0,0,0,False,0,0,0,0,0,0,0,0,0
1.16631,0.3249732,-1.157191,-0.9409529,-0.3318016,-0.06719594,左足首,,,,1,0,0,0,False,0,0,0,0,0,0,0,0,0
1.340403,0.3759606,-0.9069945,0.509731,-0.8532148,0.1104484,左足首,,,,1,0,0,0,False,0,0,0,0,0,0,0,0,0
1.223728,0.3233841,-0.8499531,0.2267897,-0.9654163,0.1285992,左足首,,,,1,0,0,0,False,0,0,0,0,0,0,0,0,0
1.114937,0.2995488,-0.9968788,0.206367,-0.9660043,-0.1557186,左足首,,,,1,0,0,0,False,0,0,0,0,0,0,0,0,0
1.092523,0.3090902,-0.8721231,0.08323639,-0.9840918,0.1569559,左足首,,,,1,0,0,0,False,0,0,0,0,0,0,0,0,0
0.9833012,0.2852649,-1.032001,0.03519826,-0.9721993,-0.2314941,左足首,,,,1,0,0,0,False,0,0,0,0,0,0,0,0,0
0.8524925,0.2802725,-1.034052,-0.02027177,-0.9496006,-0.3128062,左足首,,,,1,0,0,0,False,0,0,0,0,0,0,0,0,0
0.9994457,0.4684102,-1.215318,0.9406447,-0.08955418,0.3273645,左足首,,,,1,0,0,0,False,0,0,0,0,0,0,0,0,0
0.9702055,0.3460289,-1.178268,0.8282025,-0.3329926,0.4507734,左足首,,,,1,0,0,0,False,0,0,0,0,0,0,0,0,0
0.735832,0.2822771,-1.020924,-0.07686424,-0.986885,0.1419506,左足首,,,,1,0,0,0,False,0,0,0,0,0,0,0,0,0
0.8223195,0.4482983,-1.231848,-0.9704488,-0.1474925,0.1909845,左足首,,,,1,0,0,0,False,0,0,0,0,0,0,0,0,0
0.8145139,0.4991902,-1.141998,-0.9135592,0.2962182,0.2786835,左足首,,,,1,0,0,0,False,0,0,0,0,0,0,0,0,0
0.8601532,0.5000139,-1.145157,0.9473481,0.186301,-0.2604298,左足首,,,,1,0,0,0,False,0,0,0,0,0,0,0,0,0
0.980481,0.460517,-1.335948,0.6118057,0.4715421,-0.635092,左足首,,,,1,0,0,0,False,0,0,0,0,0,0,0,0,0
1.010095,0.3895735,-1.27268,0.9494962,0.2085814,-0.2344158,左足首,,,,1,0,0,0,False,0,0,0,0,0,0,0,0,0
0.9813771,0.375308,-1.383956,0.8137292,0.2927005,-0.5021665,左足首,,,,1,0,0,0,False,0,0,0,0,0,0,0,0,0
1.011755,0.2921824,-1.344497,0.9299747,0.151703,-0.3348629,左足首,,,,1,0,0,0,False,0,0,0,0,0,0,0,0,0
0.9143662,0.385002,-1.3827,-0.05877509,0.7105386,-0.7011994,左足首,,,,1,0,0,0,False,0,0,0,0,0,0,0,0,0
0.9204581,0.3234826,-1.452499,-0.08182564,0.4269374,-0.9005716,左足首,,,,1,0,0,0,False,0,0,0,0,0,0,0,0,0
0.9777988,0.2988748,-1.427832,0.7118521,-0.02672703,-0.7018206,左足首,,,,1,0,0,0,False,0,0,0,0,0,0,0,0,0
0.9888591,0.2314678,-1.413819,0.6937792,-0.0356969,-0.7193026,左足首,,,,1,0,0,0,False,0,0,0,0,0,0,0,0,0
0.9853998,0.2699694,-1.205214,0.7631309,-0.2403606,0.5998817,左足首,,,,1,0,0,0,False,0,0,0,0,0,0,0,0,0
1.010095,0.3895735,-1.27268,0.949861,-0.0633233,0.3061929,左足首,,,,1,0,0,0,False,0,0,0,0,0,0,0,0,0
1.011755,0.2921824,-1.344497,0.9744346,-0.2162,0.06111431,左足首,,,,1,0,0,0,False,0,0,0,0,0,0,0,0,0
0.989031,0.21032,-1.269387,0.7198544,-0.6039328,0.3421619,左足首,,,,1,0,0,0,False,0,0,0,0,0,0,0,0,0
0.9888591,0.2314678,-1.413819,0.7404351,-0.6065298,-0.2896163,左足首,,,,1,0,0,0,False,0,0,0,0,0,0,0,0,0
0.9760444,0.185255,-1.3498,0.636091,-0.7619688,-0.1216217,左足首,,,,1,0,0,0,False,0,0,0,0,0,0,0,0,0
0.9199945,0.2103675,-1.435186,0.008157953,-0.8517509,-0.5238835,左足首,,,,1,0,0,0,False,0,0,0,0,0,0,0,0,0
0.9167737,0.1621539,-1.353445,-0.00129871,-0.984801,-0.1736821,左足首,,,,1,0,0,0,False,0,0,0,0,0,0,0,0,0
0.9214492,0.3073973,-1.455987,0.03024547,-0.2099565,-0.9772428,左足首,,,,1,0,0,0,False,0,0,0,0,0,0,0,0,0
0.9199945,0.2103675,-1.435186,0.03123208,-0.1758838,-0.9839154,左足首,,,,1,0,0,0,False,0,0,0,0,0,0,0,0,0
0.8622443,0.3004993,-1.431326,-0.679476,-0.01832181,-0.7334689,左足首,,,,1,0,0,0,False,0,0,0,0,0,0,0,0,0
0.8499277,0.233425,-1.418491,-0.6576951,-0.0233127,-0.7529234,左足首,,,,1,0,0,0,False,0,0,0,0,0,0,0,0,0
0.8499277,0.233425,-1.418491,-0.6991315,-0.6255164,-0.3463301,左足首,,,,1,0,0,0,False,0,0,0,0,0,0,0,0,0
0.8611757,0.1845589,-1.352938,-0.6059135,-0.7752311,-0.1785655,左足首,,,,1,0,0,0,False,0,0,0,0,0,0,0,0,0
0.8217166,0.2761399,-1.344574,-0.9466547,-0.3151396,-0.06732044,左足首,,,,1,0,0,0,False,0,0,0,0,0,0,0,0,0
0.8396002,0.2061192,-1.277251,-0.8226686,-0.5518708,0.1365835,左足首,,,,1,0,0,0,False,0,0,0,0,0,0,0,0,0
0.8187587,0.3285812,-1.267729,-0.9720905,-0.09958589,0.2124211,左足首,,,,1,0,0,0,False,0,0,0,0,0,0,0,0,0
0.8390973,0.2459538,-1.203668,-0.619459,-0.4225531,0.6616037,左足首,,,,1,0,0,0,False,0,0,0,0,0,0,0,0,0
0.9134474,0.1809961,-1.253723,-0.03911966,-0.9292219,0.3674459,左足首,,,,1,0,0,0,False,0,0,0,0,0,0,0,0,0
0.914501,0.2381206,-1.183355,0.1603403,-0.5592711,0.8133307,左足首,,,,1,0,0,0,False,0,0,0,0,0,0,0,0,0
0.9214492,0.3073973,-1.455987,0.1646527,0.1457723,-0.9755204,左足首,,,,1,0,0,0,False,0,0,0,0,0,0,0,0,0
1.080904,0.6186689,-1.140497,0.3530913,0.7549121,-0.5526611,左足首,,,,1,0,0,0,False,0,0,0,0,0,0,0,0,0
1.117091,0.6688812,-1.013707,0.3340191,0.8105248,-0.4811246,左足首,,,,1,0,0,0,False,0,0,0,0,0,0,0,0,0
1.095877,0.5262712,-1.253569,0.6169587,0.6002017,-0.5090383,左足首,,,,1,0,0,0,False,0,0,0,0,0,0,0,0,0
0.9521704,0.4109028,-1.290118,-0.916016,0.2299981,-0.3286572,左足首,,,,1,0,0,0,False,0,0,0,0,0,0,0,0,0
0.985453,0.4635425,-1.347317,-0.3577217,0.5476124,-0.7564098,左足首,,,,1,0,0,0,False,0,0,0,0,0,0,0,0,0
0.9802147,0.3862638,-1.385546,-0.7721621,0.2835192,-0.5686675,左足首,,,,1,0,0,0,False,0,0,0,0,0,0,0,0,0
0.9467722,0.3376258,-1.32878,-0.9029121,0.131529,-0.4092065,左足首,,,,1,0,0,0,False,0,0,0,0,0,0,0,0,0
0.9849201,0.3188651,-1.408298,-0.7023541,-0.08781198,-0.7063907,左足首,,,,1,0,0,0,False,0,0,0,0,0,0,0,0,0
0.9708002,0.2680053,-1.386958,-0.7068112,-0.09774121,-0.7006173,左足首,,,,1,0,0,0,False,0,0,0,0,0,0,0,0,0
1.043068,0.3279013,-1.43566,-0.001243393,0.1750482,-0.9845591,左足首,,,,1,0,0,0,False,0,0,0,0,0,0,0,0,0
1.044749,0.395321,-1.380993,0.1186764,0.543876,-0.8307315,左足首,,,,1,0,0,0,False,0,0,0,0,0,0,0,0,0
0.9725355,0.2213654,-1.322333,-0.7270435,-0.6702957,-0.1486991,左足首,,,,1,0,0,0,False,0,0,0,0,0,0,0,0,0
0.9708002,0.2680053,-1.386958,-0.806555,-0.4894249,-0.3315604,左足首,,,,1,0,0,0,False,0,0,0,0,0,0,0,0,0
0.9467722,0.3376258,-1.32878,-0.9942416,-0.1014925,-0.03439402,左足首,,,,1,0,0,0,False,0,0,0,0,0,0,0,0,0
0.9526625,0.2449027,-1.240465,-0.8188469,-0.5218942,0.2389903,左足首,,,,1,0,0,0,False,0,0,0,0,0,0,0,0,0
0.9582835,0.3071941,-1.183973,-0.7719926,-0.3127642,0.5533589,左足首,,,,1,0,0,0,False,0,0,0,0,0,0,0,0,0
0.9521704,0.4109028,-1.290118,-0.9964429,0.004428477,0.08415346,左足首,,,,1,0,0,0,False,0,0,0,0,0,0,0,0,0
1.036771,0.2848028,-1.155285,0.001005392,-0.5045864,0.8633607,左足首,,,,1,0,0,0,False,0,0,0,0,0,0,0,0,0
1.116045,0.2989079,-1.176334,0.7767217,-0.3311231,0.5357808,左足首,,,,1,0,0,0,False,0,0,0,0,0,0,0,0,0
1.126956,0.30461,-1.303401,0.978125,-0.2001037,-0.05683343,左足首,,,,1,0,0,0,False,0,0,0,0,0,0,0,0,0
1.098631,0.2562304,-1.376076,0.7665615,-0.5595905,-0.3150269,左足首,,,,1,0,0,0,False,0,0,0,0,0,0,0,0,0
1.128642,0.3724095,-1.25613,0.9777497,-0.01283311,0.2093822,左足首,,,,1,0,0,0,False,0,0,0,0,0,0,0,0,0
1.098824,0.3492018,-1.14888,0.7821907,-0.3752692,0.4973437,左足首,,,,1,0,0,0,False,0,0,0,0,0,0,0,0,0
1.121683,0.4574011,-1.187499,0.9542702,-0.07176483,0.2902036,左足首,,,,1,0,0,0,False,0,0,0,0,0,0,0,0,0
1.126956,0.30461,-1.303401,0.9551284,0.00816521,-0.2960797,左足首,,,,1,0,0,0,False,0,0,0,0,0,0,0,0,0
1.128642,0.3724095,-1.25613,0.9727654,0.1528637,-0.1742418,左足首,,,,1,0,0,0,False,0,0,0,0,0,0,0,0,0
1.121683,0.4574011,-1.187499,0.9665325,0.2058797,-0.1530632,左足首,,,,1,0,0,0,False,0,0,0,0,0,0,0,0,0
1.108308,0.5415516,-1.163637,0.1734564,0.8145209,-0.5535961,左足首,,,,1,0,0,0,False,0,0,0,0,0,0,0,0,0
1.066689,0.4667564,-1.15356,-0.9390885,0.3181197,-0.1300488,左足首,,,,1,0,0,0,False,0,0,0,0,0,0,0,0,0
1.110633,0.8004926,-0.8570308,0.4099932,0.6604846,-0.6290196,左足首,,,,1,0,0,0,False,0,0,0,0,0,0,0,0,0
0.9468148,0.8384268,-0.8886666,0.06683178,0.6636221,-0.7450766,左足首,,,,1,0,0,0,False,0,0,0,0,0,0,0,0,0
1.105096,0.9947813,-0.7130154,0.4231792,0.5230677,-0.7398105,左足首,,,,1,0,0,0,False,0,0,0,0,0,0,0,0,0
0.9377204,1.027891,-0.7520546,-0.01448899,0.5641252,-0.8255622,左足首,,,,1,0,0,0,False,0,0,0,0,0,0,0,0,0
0.7771105,0.8181505,-0.8857076,-0.3877611,0.6837158,-0.6182023,左足首,,,,1,0,0,0,False,0,0,0,0,0,0,0,0,0
0.7696579,0.9906208,-0.7359291,-0.5062265,0.5485258,-0.6654729,左足首,,,,1,0,0,0,False,0,0,0,0,0,0,0,0,0
0.9486575,1.224533,-0.6268015,0.1076719,0.5042997,-0.8567897,左足首,,,,1,0,0,0,False,0,0,0,0,0,0,0,0,0
0.9552958,1.422957,-0.527647,-0.06783791,0.3448828,-0.9361911,左足首,,,,1,0,0,0,False,0,0,0,0,0,0,0,0,0
0.6570715,0.9012357,-0.6516203,-0.8385229,0.4624012,-0.2882091,左足首,,,,1,0,0,0,False,0,0,0,0,0,0,0,0,0
0.8400589,1.595594,-0.4366391,-0.6932659,0.1134106,-0.7117025,左足首,左ひざ,,,0.68,0.32,0,0,False,0,0,0,0,0,0,0,0,0
0.7642222,1.582421,-0.2849183,-0.9551389,0.1075635,-0.2759345,左ひざ,左足首,,,0.54,0.46,0,0,False,0,0,0,0,0,0,0,0,0
0.7859194,1.835045,-0.3120631,-0.9326463,0.05201469,-0.3570229,左ひざ,左足首,,,0.6,0.4,0,0,False,0,0,0,0,0,0,0,0,0
0.807151,2.087315,-0.3328063,-0.9237085,0.009074586,-0.3829886,左ひざ,,,,1,0,0,0,False,0,0,0,0,0,0,0,0,0
0.7685615,2.087058,-0.1689372,-0.9998432,0.01539807,-0.008741565,左ひざ,,,,1,0,0,0,False,0,0,0,0,0,0,0,0,0
0.7475793,2.56028,-0.1712103,-0.9870611,-0.06035663,-0.1485508,左ひざ,,,,1,0,0,0,False,0,0,0,0,0,0,0,0,0
0.796591,2.561876,-0.3358215,-0.8800206,-0.02679228,-0.4741793,左ひざ,,,,1,0,0,0,False,0,0,0,0,0,0,0,0,0
0.7905658,2.089568,-0.01529898,-0.9936517,-0.06749241,0.09000636,左ひざ,,,,1,0,0,0,False,0,0,0,0,0,0,0,0,0
0.7448313,2.561599,-0.004350782,-0.9945371,-0.09548997,-0.04216205,左ひざ,,,,1,0,0,0,False,0,0,0,0,0,0,0,0,0
0.7448313,2.561599,-0.004350782,-0.9259573,-0.1137674,0.3600833,左ひざ,,,,1,0,0,0,False,0,0,0,0,0,0,0,0,0
0.6868426,3.071442,0.025798,-0.9451175,-0.1329295,0.2984669,左ひざ,,,,1,0,0,0,False,0,0,0,0,0,0,0,0,0
0.7047821,3.070455,-0.1599658,-0.980824,-0.08133959,-0.1771104,左ひざ,,,,1,0,0,0,False,0,0,0,0,0,0,0,0,0
0.6868426,3.071442,0.025798,-0.9806442,-0.1029376,-0.1665564,左ひざ,,,,1,0,0,0,False,0,0,0,0,0,0,0,0,0
0.7662348,3.073138,-0.3326198,-0.8857881,-0.04907354,-0.4614883,左ひざ,,,,1,0,0,0,False,0,0,0,0,0,0,0,0,0
0.555057,0.7035689,-0.5805883,-0.8826169,0.4539098,-0.1222839,左足首,,,,1,0,0,0,False,0,0,0,0,0,0,0,0,0
0.521849,0.5810096,-0.7721696,-0.8398936,0.4710323,-0.2696432,左足首,,,,1,0,0,0,False,0,0,0,0,0,0,0,0,0
0.5253499,0.4826097,-0.931961,-0.8021341,0.3710361,-0.4678817,左足首,,,,1,0,0,0,False,0,0,0,0,0,0,0,0,0
0.5253499,0.4826097,-0.931961,-0.9008804,-0.4325302,-0.03649729,左足首,,,,1,0,0,0,False,0,0,0,0,0,0,0,0,0
0.521849,0.5810096,-0.7721696,-0.9287552,-0.1785449,0.3248623,左足首,,,,1,0,0,0,False,0,0,0,0,0,0,0,0,0
0.5409189,0.4488081,-0.7293066,-0.7961386,-0.5109982,0.324105,左足首,,,,1,0,0,0,False,0,0,0,0,0,0,0,0,0
0.6012713,0.3680698,-0.8951771,-0.6640709,-0.7429704,0.08369496,左足首,,,,1,0,0,0,False,0,0,0,0,0,0,0,0,0
0.6441194,0.5654042,-0.5448253,-0.6833087,-0.4304243,0.5897662,左足首,,,,1,0,0,0,False,0,0,0,0,0,0,0,0,0
0.555057,0.7035689,-0.5805883,-0.7646572,-0.3055182,0.5674134,左足首,,,,1,0,0,0,False,0,0,0,0,0,0,0,0,0
0.7112439,0.3714968,-0.7201267,-0.3417026,-0.8391247,0.4232131,左足首,,,,1,0,0,0,False,0,0,0,0,0,0,0,0,0
0.7206107,0.3065232,-0.8879999,-0.2355254,-0.9394492,0.2489237,左足首,,,,1,0,0,0,False,0,0,0,0,0,0,0,0,0
0.6459801,0.3214431,-1.005182,-0.6462172,-0.7459323,0.1612094,左足首,,,,1,0,0,0,False,0,0,0,0,0,0,0,0,0
0.5934442,0.4133575,-1.045157,-0.8586783,-0.5124978,-0.004207856,左足首,,,,1,0,0,0,False,0,0,0,0,0,0,0,0,0
0.7464774,0.2724589,-1.053036,0.04061431,-0.9386389,0.342502,左足首,,,,1,0,0,0,False,0,0,0,0,0,0,0,0,0
0.6605917,0.2934174,-1.058681,-0.5084445,-0.7875448,0.3482202,左足首,,,,1,0,0,0,False,0,0,0,0,0,0,0,0,0
0.7644191,0.2374556,-1.109104,0.2090737,-0.8298084,0.5174032,左足首,,,,1,0,0,0,False,0,0,0,0,0,0,0,0,0
0.8632297,0.2796957,-1.128556,0.7005719,-0.4921833,0.5166766,左足首,,,,1,0,0,0,False,0,0,0,0,0,0,0,0,0
0.6689785,0.2367413,-1.124494,-0.5145682,-0.7673835,0.3825469,左足首,,,,1,0,0,0,False,0,0,0,0,0,0,0,0,0
0.598527,0.3600026,-1.117152,-0.8333958,-0.5038438,0.2271406,左足首,,,,1,0,0,0,False,0,0,0,0,0,0,0,0,0
0.6036979,0.3133866,-1.19523,-0.8026816,-0.5849801,0.1161912,左足首,,,,1,0,0,0,False,0,0,0,0,0,0,0,0,0
0.7034802,0.1830763,-1.267627,-0.4353479,-0.8935713,0.109556,左足首,,,,1,0,0,0,False,0,0,0,0,0,0,0,0,0
0.6372085,0.2604795,-1.311713,-0.716073,-0.6918284,-0.09280558,左足首,,,,1,0,0,0,False,0,0,0,0,0,0,0,0,0
0.6126128,0.3912269,-1.249057,-0.885676,0.2845747,-0.3668724,左足首,,,,1,0,0,0,False,0,0,0,0,0,0,0,0,0
0.6036979,0.3133866,-1.19523,-0.9893441,0.02414427,-0.1435809,左足首,,,,1,0,0,0,False,0,0,0,0,0,0,0,0,0
0.6102819,0.4351184,-1.177074,-0.9559687,0.2360139,-0.1744167,左足首,,,,1,0,0,0,False,0,0,0,0,0,0,0,0,0
0.598527,0.3600026,-1.117152,-0.9915411,0.06602172,-0.1117467,左足首,,,,1,0,0,0,False,0,0,0,0,0,0,0,0,0
0.6801213,0.4583839,-1.287702,-0.5009085,0.6173569,-0.6065981,左足首,,,,1,0,0,0,False,0,0,0,0,0,0,0,0,0
0.6711776,0.5066385,-1.223593,-0.6113581,0.6152339,-0.4977234,左足首,,,,1,0,0,0,False,0,0,0,0,0,0,0,0,0
0.6957057,0.4242341,-1.330008,-0.3472218,0.5720743,-0.7430801,左足首,,,,1,0,0,0,False,0,0,0,0,0,0,0,0,0
0.5934442,0.4133575,-1.045157,-0.9509372,0.1718201,-0.2572864,左足首,,,,1,0,0,0,False,0,0,0,0,0,0,0,0,0
0.6154812,0.4944805,-1.097175,-0.9021564,0.3391835,-0.2665863,左足首,,,,1,0,0,0,False,0,0,0,0,0,0,0,0,0
0.7617626,0.5363717,-1.233706,-0.06464052,0.74677,-0.6619337,左足首,,,,1,0,0,0,False,0,0,0,0,0,0,0,0,0
0.7732328,0.4854957,-1.288738,0.04513703,0.7213778,-0.6910692,左足首,,,,1,0,0,0,False,0,0,0,0,0,0,0,0,0
0.8358422,0.5183193,-1.216397,0.7301251,0.4814682,-0.484877,左足首,,,,1,0,0,0,False,0,0,0,0,0,0,0,0,0
0.8486744,0.4624678,-1.263668,0.7510312,0.5412795,-0.3781121,左足首,,,,1,0,0,0,False,0,0,0,0,0,0,0,0,0
0.8895301,0.3484467,-1.204635,0.9579191,0.2706929,-0.09547955,左足首,,,,1,0,0,0,False,0,0,0,0,0,0,0,0,0
0.8614538,0.4252254,-1.153142,0.9697884,0.2160122,-0.113355,左足首,,,,1,0,0,0,False,0,0,0,0,0,0,0,0,0
0.8895301,0.3484467,-1.204635,0.9542754,-0.0199971,0.2982596,左足首,,,,1,0,0,0,False,0,0,0,0,0,0,0,0,0
0.8565885,0.4003232,-1.338529,0.7185182,0.5296575,-0.4507711,左足首,,,,1,0,0,0,False,0,0,0,0,0,0,0,0,0
0.886604,0.2924378,-1.288275,0.9755663,0.148318,-0.1620866,左足首,,,,1,0,0,0,False,0,0,0,0,0,0,0,0,0
0.886604,0.2924378,-1.288275,0.989229,-0.1452172,-0.01838466,左足首,,,,1,0,0,0,False,0,0,0,0,0,0,0,0,0
0.8215545,0.2331352,-1.405915,0.4689403,-0.4441142,-0.7634511,左足首,,,,1,0,0,0,False,0,0,0,0,0,0,0,0,0
0.8725776,0.2522117,-1.371959,0.8562234,-0.1446997,-0.495927,左足首,,,,1,0,0,0,False,0,0,0,0,0,0,0,0,0
0.8611122,0.3292227,-1.414224,0.8610713,0.1094285,-0.4965697,左足首,,,,1,0,0,0,False,0,0,0,0,0,0,0,0,0
0.8209555,0.3193094,-1.459572,0.5486883,0.06724127,-0.8333187,左足首,,,,1,0,0,0,False,0,0,0,0,0,0,0,0,0
0.8539432,0.3469236,-1.406461,0.5799031,0.5642996,-0.5876039,左足首,,,,1,0,0,0,False,0,0,0,0,0,0,0,0,0
0.8066537,0.34716,-1.455583,0.3298606,0.3101043,-0.8916431,左足首,,,,1,0,0,0,False,0,0,0,0,0,0,0,0,0
0.8388087,0.4051898,-1.339677,0.1901885,0.628238,-0.7544171,左足首,,,,1,0,0,0,False,0,0,0,0,0,0,0,0,0
0.7820675,0.4453558,-1.323521,0.1533366,0.6263312,-0.7643279,左足首,,,,1,0,0,0,False,0,0,0,0,0,0,0,0,0
0.774904,0.4204814,-1.338396,-0.003792872,0.5674521,-0.8233977,左足首,,,,1,0,0,0,False,0,0,0,0,0,0,0,0,0
0.7132224,0.4085844,-1.345419,-0.2137715,0.5534598,-0.8049746,左足首,,,,1,0,0,0,False,0,0,0,0,0,0,0,0,0
0.6672173,0.3647195,-1.346316,-0.5808792,0.4926058,-0.6480116,左足首,,,,1,0,0,0,False,0,0,0,0,0,0,0,0,0
0.7132224,0.4085844,-1.345419,-0.4071828,0.7997347,-0.4411651,左足首,,,,1,0,0,0,False,0,0,0,0,0,0,0,0,0
0.7427489,0.3554139,-1.455521,-0.258185,0.682226,-0.6840382,左足首,,,,1,0,0,0,False,0,0,0,0,0,0,0,0,0
0.774904,0.4204814,-1.338396,0.1013612,0.8758233,-0.4718682,左足首,,,,1,0,0,0,False,0,0,0,0,0,0,0,0,0
0.8026174,0.3617261,-1.447106,0.3147935,0.6316015,-0.7085088,左足首,,,,1,0,0,0,False,0,0,0,0,0,0,0,0,0
0.7470338,0.3391698,-1.466005,-0.1157456,0.5036822,-0.8561,左足首,,,,1,0,0,0,False,0,0,0,0,0,0,0,0,0
0.8066537,0.34716,-1.455583,0.3656009,0.5417454,-0.7568671,左足首,,,,1,0,0,0,False,0,0,0,0,0,0,0,0,0
0.7470338,0.3391698,-1.466005,-0.183146,0.1971285,-0.9631188,左足首,,,,1,0,0,0,False,0,0,0,0,0,0,0,0,0
0.7517863,0.3074352,-1.473405,-0.09203496,-0.1188066,-0.9886428,左足首,,,,1,0,0,0,False,0,0,0,0,0,0,0,0,0
0.6881208,0.3321775,-1.434239,-0.6411587,0.2429084,-0.7279499,左足首,,,,1,0,0,0,False,0,0,0,0,0,0,0,0,0
0.755309,0.2223552,-1.416325,-0.1860426,-0.5366623,-0.823032,左足首,,,,1,0,0,0,False,0,0,0,0,0,0,0,0,0
1.210146,0.4486332,-1.246332,0.6066453,0.4253012,-0.6716402,左足首,,,,1,0,0,0,False,0,0,0,0,0,0,0,0,0
1.236735,0.3864311,-1.175298,0.9483792,0.1407758,-0.2841817,左足首,,,,1,0,0,0,False,0,0,0,0,0,0,0,0,0
1.241767,0.4538476,-1.120018,0.96393,-0.2221729,0.1465546,左足首,,,,1,0,0,0,False,0,0,0,0,0,0,0,0,0
1.207429,0.3500466,-1.096799,0.7129254,-0.6410185,0.2843109,左足首,,,,1,0,0,0,False,0,0,0,0,0,0,0,0,0
1.236735,0.3864311,-1.175298,0.952003,-0.2257722,0.2066813,左足首,,,,1,0,0,0,False,0,0,0,0,0,0,0,0,0
1.208172,0.2986311,-1.128956,0.7070188,-0.4204665,0.5686233,左足首,,,,1,0,0,0,False,0,0,0,0,0,0,0,0,0
1.141268,0.2782882,-1.120283,0.003125284,-0.6248378,0.7807483,左足首,,,,1,0,0,0,False,0,0,0,0,0,0,0,0,0
1.131752,0.2250935,-1.181278,-0.2042571,-0.8666307,0.4552255,左足首,,,,1,0,0,0,False,0,0,0,0,0,0,0,0,0
1.211697,0.2435237,-1.189808,0.6514682,-0.656478,0.3802969,左足首,,,,1,0,0,0,False,0,0,0,0,0,0,0,0,0
1.079244,0.2322712,-1.266005,-0.7600982,-0.6382332,-0.1221032,左足首,,,,1,0,0,0,False,0,0,0,0,0,0,0,0,0
1.133653,0.1960459,-1.265098,-0.1281802,-0.9811971,-0.1442989,左足首,,,,1,0,0,0,False,0,0,0,0,0,0,0,0,0
1.193922,0.21565,-1.257408,0.6333363,-0.7600439,-0.1456654,左足首,,,,1,0,0,0,False,0,0,0,0,0,0,0,0,0
1.225921,0.3169693,-1.242902,0.9732403,-0.2297549,-0.004007883,左足首,,,,1,0,0,0,False,0,0,0,0,0,0,0,0,0
1.201096,0.259907,-1.301043,0.7698703,-0.5069847,-0.3876419,左足首,,,,1,0,0,0,False,0,0,0,0,0,0,0,0,0
1.139947,0.2402292,-1.328337,-0.0332864,-0.7949924,-0.6057054,左足首,,,,1,0,0,0,False,0,0,0,0,0,0,0,0,0
1.191397,0.3090051,-1.316384,0.7423156,-0.09246007,-0.6636406,左足首,,,,1,0,0,0,False,0,0,0,0,0,0,0,0,0
1.148695,0.3109899,-1.347743,-0.006918454,-0.2833853,-0.9589813,左足首,,,,1,0,0,0,False,0,0,0,0,0,0,0,0,0
1.139947,0.2402292,-1.328337,0.2544411,-0.2476362,-0.9348454,左足首,,,,1,0,0,0,False,0,0,0,0,0,0,0,0,0
1.201096,0.259907,-1.301043,0.7180374,-0.07438596,-0.6920181,左足首,,,,1,0,0,0,False,0,0,0,0,0,0,0,0,0
1.225921,0.3169693,-1.242902,0.9129817,0.09693794,-0.3963174,左足首,,,,1,0,0,0,False,0,0,0,0,0,0,0,0,0
1.200668,0.3700709,-1.286685,0.8419864,0.1802671,-0.5084907,左足首,,,,1,0,0,0,False,0,0,0,0,0,0,0,0,0
1.090178,0.3202962,-1.333284,-0.7744134,0.01020542,-0.6325976,左足首,,,,1,0,0,0,False,0,0,0,0,0,0,0,0,0
1.073877,0.271713,-1.313855,-0.5485747,-0.1273696,-0.8263431,左足首,,,,1,0,0,0,False,0,0,0,0,0,0,0,0,0
1.073877,0.271713,-1.313855,-0.8113185,-0.4925019,-0.3149669,左足首,,,,1,0,0,0,False,0,0,0,0,0,0,0,0,0
1.150194,0.3263718,-1.349006,0.1501686,0.1836034,-0.9714624,左足首,,,,1,0,0,0,False,0,0,0,0,0,0,0,0,0
1.148695,0.3109899,-1.347743,0.3238426,-0.138753,-0.9358812,左足首,,,,1,0,0,0,False,0,0,0,0,0,0,0,0,0
1.154072,0.3898827,-1.298995,0.3003403,0.5204146,-0.7993525,左足首,,,,1,0,0,0,False,0,0,0,0,0,0,0,0,0
1.069001,0.4144357,-1.199225,-0.9441797,0.2209207,-0.2443745,左足首,,,,1,0,0,0,False,0,0,0,0,0,0,0,0,0
1.060332,0.3440441,-1.254864,-0.9152587,0.2061779,-0.3461102,左足首,,,,1,0,0,0,False,0,0,0,0,0,0,0,0,0
0.9504501,0.4856631,-1.234194,-0.9491671,0.08042909,0.3043238,左足首,,,,1,0,0,0,False,0,0,0,0,0,0,0,0,0
1.09152,0.3127451,-1.400247,0.7797179,-0.1686245,-0.6029974,左足首,,,,1,0,0,0,False,0,0,0,0,0,0,0,0,0
1.098631,0.2562304,-1.376076,0.7794788,-0.1608572,-0.6054237,左足首,,,,1,0,0,0,False,0,0,0,0,0,0,0,0,0
1.042708,0.3126971,-1.433696,0.07456847,-0.2931211,-0.9531629,左足首,,,,1,0,0,0,False,0,0,0,0,0,0,0,0,0
1.036623,0.2326356,-1.409551,0.06745587,-0.2949875,-0.953117,左足首,,,,1,0,0,0,False,0,0,0,0,0,0,0,0,0
1.036623,0.2326356,-1.409551,-0.01623352,-0.8413764,-0.5402057,左足首,,,,1,0,0,0,False,0,0,0,0,0,0,0,0,0
1.042708,0.3126971,-1.433696,0.2477652,-0.1883142,-0.9503421,左足首,,,,1,0,0,0,False,0,0,0,0,0,0,0,0,0
1.305835,0.6984769,0.1484307,0.7379641,-0.6228361,0.2597773,左足首,,,,1,0,0,0,False,0,0,0,0,0,0,0,0,0
1.1051,0.8565546,0.519919,0.2100125,-0.2514607,0.9448081,左足首,,,,1,0,0,0,False,0,0,0,0,0,0,0,0,0
1.105908,1.059074,0.5026335,0.2311632,0.234758,0.9441676,左足首,,,,1,0,0,0,False,0,0,0,0,0,0,0,0,0
1.085738,1.255603,0.4243672,0.2573783,0.4273435,0.8666799,左足首,,,,1,0,0,0,False,0,0,0,0,0,0,0,0,0
0.9602838,1.256097,0.4283565,-0.2241124,0.4245561,0.8772262,左足首,,,,1,0,0,0,False,0,0,0,0,0,0,0,0,0
0.9573447,1.04407,0.5075703,-0.2531639,0.1654222,0.9531755,左足首,,,,1,0,0,0,False,0,0,0,0,0,0,0,0,0
0.8193545,1.046656,0.4237309,-0.767611,0.1666841,0.6188618,左足首,,,,1,0,0,0,False,0,0,0,0,0,0,0,0,0
0.8185166,0.7372244,0.2821003,-0.7508375,-0.6207833,0.2255466,左足首,,,,1,0,0,0,False,0,0,0,0,0,0,0,0,0
0.7690063,0.8836279,0.2803768,-0.9607578,-0.1806049,0.2105384,左足首,,,,1,0,0,0,False,0,0,0,0,0,0,0,0,0
1.332885,1.892947,-0.08864407,0.9656962,-0.001255441,0.2596719,左ひざ,左足首,,,0.6,0.4,0,0,False,0,0,0,0,0,0,0,0,0
1.355137,1.617309,-0.06216491,0.9875823,0.1040199,0.1177332,左ひざ,左足首,,,0.54,0.46,0,0,False,0,0,0,0,0,0,0,0,0
1.367033,1.472539,-0.03570016,0.949766,0.08361013,0.3015856,左足首,,,,1,0,0,0,False,0,0,0,0,0,0,0,0,0
1.357218,1.449596,-0.1583112,0.9969379,0.006825385,-0.07789899,左足首,,,,1,0,0,0,False,0,0,0,0,0,0,0,0,0
1.337318,1.59966,-0.1917305,0.9860503,0.07920431,-0.146395,左足首,左ひざ,,,0.68,0.32,0,0,False,0,0,0,0,0,0,0,0,0
1.315989,1.868942,-0.2239619,0.9917267,0.005948243,-0.1282298,左ひざ,左足首,,,0.6,0.4,0,0,False,0,0,0,0,0,0,0,0,0
1.356207,1.360491,-0.01484717,0.9571329,-0.1612886,0.2405877,左足首,,,,1,0,0,0,False,0,0,0,0,0,0,0,0,0
1.353978,1.332385,-0.1523072,0.9703845,-0.2332578,0.06280775,左足首,,,,1,0,0,0,False,0,0,0,0,0,0,0,0,0
-0.9051952,0.4002793,-1.369208,0.0624659,0.7121019,-0.6992918,右足首,,,,1,0,0,0,False,0,0,0,0,0,0,0,0,0
-0.9107484,0.3389006,-1.439177,0.08719432,0.4289522,-0.8991091,右足首,,,,1,0,0,0,False,0,0,0,0,0,0,0,0,0
-0.9116958,0.3228215,-1.442705,-0.1584225,0.1476344,-0.9762717,右足首,,,,1,0,0,0,False,0,0,0,0,0,0,0,0,0
-0.7330645,0.3710656,-1.440961,0.2617962,0.6840083,-0.6808785,右足首,,,,1,0,0,0,False,0,0,0,0,0,0,0,0,0
-0.7043316,0.4240397,-1.330555,0.4090413,0.8011901,-0.4367833,右足首,,,,1,0,0,0,False,0,0,0,0,0,0,0,0,0
-0.7660733,0.4358429,-1.323913,-0.09938811,0.8766938,-0.4706697,右足首,,,,1,0,0,0,False,0,0,0,0,0,0,0,0,0
-0.7929952,0.3772833,-1.432927,-0.3109445,0.6326971,-0.7092305,右足首,,,,1,0,0,0,False,0,0,0,0,0,0,0,0,0
-0.7969568,0.36273,-1.441461,-0.361318,0.5428771,-0.758112,右足首,,,,1,0,0,0,False,0,0,0,0,0,0,0,0,0
-0.7372593,0.3548383,-1.451508,0.1207214,0.5056435,-0.8542546,右足首,,,,1,0,0,0,False,0,0,0,0,0,0,0,0,0
-1.07522,4.94257,0.5689587,-0.0852116,0.004141476,0.9963543,右ひざ,,,,1,0,0,0,False,0,0,0,0,0,0,0,0,0
-1.05808,5.722409,0.5236623,-0.09076733,0.09398633,0.9914272,右ひざ,,,,1,0,0,0,False,0,0,0,0,0,0,0,0,0
-0.7483275,5.697348,0.4737386,0.3488539,0.06082658,0.9352012,右ひざ,,,,1,0,0,0,False,0,0,0,0,0,0,0,0,0
-0.7848149,4.919991,0.5088124,0.3957322,-0.0194776,0.9181594,右ひざ,,,,1,0,0,0,False,0,0,0,0,0,0,0,0,0
-0.5105764,5.67683,0.3238825,0.7369143,-0.008388803,0.6759341,右ひざ,,,,1,0,0,0,False,0,0,0,0,0,0,0,0,0
-0.5711122,4.900765,0.3441479,0.7183521,-0.05876577,0.6931933,右ひざ,,,,1,0,0,0,False,0,0,0,0,0,0,0,0,0
-0.8200549,4.338664,0.4964613,0.4107501,-0.09967618,0.906283,右ひざ,,,,1,0,0,0,False,0,0,0,0,0,0,0,0,0
-1.354372,4.960793,0.4640485,-0.5848645,0.008923238,0.8110819,右ひざ,,,,1,0,0,0,False,0,0,0,0,0,0,0,0,0
-1.345567,5.740785,0.4279363,-0.5507642,0.06415197,0.8321919,右ひざ,,,,1,0,0,0,False,0,0,0,0,0,0,0,0,0
-1.352239,4.376613,0.440521,-0.5479549,-0.0641156,0.8340471,右ひざ,,,,1,0,0,0,False,0,0,0,0,0,0,0,0,0
-1.087026,4.358938,0.5413312,-0.1008724,-0.08148217,0.9915571,右ひざ,,,,1,0,0,0,False,0,0,0,0,0,0,0,0,0
-1.104564,3.787085,0.4685973,-0.1070785,-0.1630058,0.9807973,右ひざ,,,,1,0,0,0,False,0,0,0,0,0,0,0,0,0
-0.8529831,3.7683,0.4169862,0.3970245,-0.1599801,0.9037576,右ひざ,,,,1,0,0,0,False,0,0,0,0,0,0,0,0,0
-0.4640058,4.887848,0.1729272,0.939374,-0.09260378,0.3301533,右ひざ,,,,1,0,0,0,False,0,0,0,0,0,0,0,0,0
-0.5252757,4.308496,0.0117767,0.9905216,-0.121787,0.06352102,右ひざ,,,,1,0,0,0,False,0,0,0,0,0,0,0,0,0
-0.5946001,3.744226,0.02277239,0.9662304,-0.1382187,0.217473,右ひざ,,,,1,0,0,0,False,0,0,0,0,0,0,0,0,0
-1.341566,3.802705,0.3717456,-0.6020826,-0.1284452,0.7880345,右ひざ,,,,1,0,0,0,False,0,0,0,0,0,0,0,0,0
-1.290018,3.113637,0.2553188,-0.5966612,-0.1756411,0.7830361,右ひざ,,,,1,0,0,0,False,0,0,0,0,0,0,0,0,0
-1.102751,3.102894,0.3312724,-0.08855336,-0.1755707,0.9804761,右ひざ,,,,1,0,0,0,False,0,0,0,0,0,0,0,0,0
-0.8978097,3.088593,0.3138393,0.3585725,-0.1711274,0.9176825,右ひざ,,,,1,0,0,0,False,0,0,0,0,0,0,0,0,0
-0.7306269,3.075686,0.1779667,0.8150975,-0.1547874,0.5582624,右ひざ,,,,1,0,0,0,False,0,0,0,0,0,0,0,0,0
-0.4517424,4.88449,-0.02363328,0.9924279,-0.1005621,0.07052787,右ひざ,,,,1,0,0,0,False,0,0,0,0,0,0,0,0,0
-0.6868489,3.071442,0.02578284,0.9451064,-0.1329954,0.2984731,右ひざ,,,,1,0,0,0,False,0,0,0,0,0,0,0,0,0
-0.3932966,5.664322,0.1361315,0.9701096,-0.05144669,0.2371512,右ひざ,,,,1,0,0,0,False,0,0,0,0,0,0,0,0,0
-0.3762863,5.6589,-0.07036009,0.9944032,-0.06458527,0.08361255,右ひざ,,,,1,0,0,0,False,0,0,0,0,0,0,0,0,0
-0.9333593,2.576943,0.228065,0.3249275,-0.135116,0.9360373,右ひざ,,,,1,0,0,0,False,0,0,0,0,0,0,0,0,0
-0.7939377,2.565653,0.1314057,0.785337,-0.1279219,0.6057076,右ひざ,,,,1,0,0,0,False,0,0,0,0,0,0,0,0,0
-0.7448464,2.561404,-0.004630943,0.9258883,-0.1145185,0.3600226,右ひざ,,,,1,0,0,0,False,0,0,0,0,0,0,0,0,0
-0.8477023,2.094186,0.1147523,0.7540411,-0.1136243,0.6469247,右ひざ,,,,1,0,0,0,False,0,0,0,0,0,0,0,0,0
-0.7905754,2.089334,-0.01697254,0.8991013,-0.08808025,0.4287874,右ひざ,,,,1,0,0,0,False,0,0,0,0,0,0,0,0,0
-0.9696524,2.103041,0.19234,0.329976,-0.09847708,0.9388387,右ひざ,,,,1,0,0,0,False,0,0,0,0,0,0,0,0,0
-0.8694543,1.911657,0.1086123,0.7614112,0.03142116,0.6475073,右ひざ,右足首,,,0.6,0.4,0,0,False,0,0,0,0,0,0,0,0,0
-0.8802817,1.614788,0.1686426,0.7305776,0.2089592,0.650071,右ひざ,右足首,,,0.54,0.46,0,0,False,0,0,0,0,0,0,0,0,0
-0.990781,1.941287,0.1803103,0.1048367,0.001452417,0.9944885,右ひざ,右足首,,,0.6,0.4,0,0,False,0,0,0,0,0,0,0,0,0
-1.134383,1.931613,0.142685,-0.5457157,-0.05476708,0.8361788,右ひざ,右足首,,,0.6,0.4,0,0,False,0,0,0,0,0,0,0,0,0
-1.120316,2.112604,0.1904187,-0.2753155,-0.1263131,0.9530197,右ひざ,,,,1,0,0,0,False,0,0,0,0,0,0,0,0,0
-1.108013,2.589104,0.2435454,-0.201019,-0.1526093,0.9676269,右ひざ,,,,1,0,0,0,False,0,0,0,0,0,0,0,0,0
-1.124091,1.622662,0.1971409,-0.5370762,0.286418,0.7934191,右ひざ,右足首,,,0.54,0.46,0,0,False,0,0,0,0,0,0,0,0,0
-1.1653,1.444811,0.2614692,-0.6131527,0.4695472,0.6352709,右足首,右ひざ,,,0.68,0.32,0,0,False,0,0,0,0,0,0,0,0,0
-0.8671842,1.416021,0.2364681,0.739437,0.4038593,0.5386377,右足首,右ひざ,,,0.68,0.32,0,0,False,0,0,0,0,0,0,0,0,0
-0.8003004,1.396948,0.116259,0.8105164,0.3113635,0.4961009,右足首,右ひざ,,,0.68,0.32,0,0,False,0,0,0,0,0,0,0,0,0
-1.258959,2.12088,0.09202281,-0.7348818,-0.1452504,0.6624584,右ひざ,,,,1,0,0,0,False,0,0,0,0,0,0,0,0,0
-1.265904,2.598801,0.1518797,-0.6849853,-0.1318812,0.7165211,右ひざ,,,,1,0,0,0,False,0,0,0,0,0,0,0,0,0
-1.343345,2.125363,-0.0542619,-0.9533985,-0.09773045,0.2854472,右ひざ,,,,1,0,0,0,False,0,0,0,0,0,0,0,0,0
-1.362117,2.604262,0.01411638,-0.9387298,-0.1012217,0.3294549,右ひざ,,,,1,0,0,0,False,0,0,0,0,0,0,0,0,0
-1.397786,3.119763,0.104049,-0.9197587,-0.145177,0.3646473,右ひざ,,,,1,0,0,0,False,0,0,0,0,0,0,0,0,0
-1.481455,3.810547,0.1896833,-0.9163328,-0.1163986,0.3831261,右ひざ,,,,1,0,0,0,False,0,0,0,0,0,0,0,0,0
-1.282463,1.471524,0.1029636,-0.7634257,0.1175434,0.63511,右足首,,,,1,0,0,0,False,0,0,0,0,0,0,0,0,0
-1.323029,1.298455,0.01339743,-0.9493855,-0.1779708,0.2588311,右足首,,,,1,0,0,0,False,0,0,0,0,0,0,0,0,0
-1.357437,1.372561,-0.000250511,-0.9512417,-0.1536247,0.2674672,右足首,,,,1,0,0,0,False,0,0,0,0,0,0,0,0,0
-1.368285,1.484654,-0.02076344,-0.9349884,0.1180494,0.3344564,右足首,,,,1,0,0,0,False,0,0,0,0,0,0,0,0,0
-1.330157,1.258492,-0.1265473,-0.983807,-0.1527702,0.09372921,右足首,,,,1,0,0,0,False,0,0,0,0,0,0,0,0,0
-1.354294,1.344561,-0.1373826,-0.9708205,-0.2331012,0.05631513,右足首,,,,1,0,0,0,False,0,0,0,0,0,0,0,0,0
-1.354481,1.626089,-0.07094897,-0.9861407,0.1219183,0.1125284,右ひざ,右足首,,,0.54,0.46,0,0,False,0,0,0,0,0,0,0,0,0
-1.356844,1.463315,-0.1557982,-0.9964578,0.006530161,-0.08384125,右足首,,,,1,0,0,0,False,0,0,0,0,0,0,0,0,0
-1.336496,1.616441,-0.191139,-0.9849848,0.078605,-0.1537086,右足首,右ひざ,,,0.68,0.32,0,0,False,0,0,0,0,0,0,0,0,0
-1.315909,1.858151,-0.2256251,-0.9912902,0.0086325,-0.1314131,右ひざ,右足首,,,0.6,0.4,0,0,False,0,0,0,0,0,0,0,0,0
-1.332796,1.891516,-0.0917165,-0.96531,-0.004462732,0.2610686,右ひざ,右足首,,,0.6,0.4,0,0,False,0,0,0,0,0,0,0,0,0
-1.346156,2.124214,-0.208085,-0.9971409,-0.07276081,-0.02039002,右ひざ,,,,1,0,0,0,False,0,0,0,0,0,0,0,0,0
-1.375964,2.603804,-0.161119,-0.9955835,-0.07322768,0.05874833,右ひざ,,,,1,0,0,0,False,0,0,0,0,0,0,0,0,0
-1.426018,3.12151,-0.09813674,-0.9865929,-0.1136393,0.1171341,右ひざ,,,,1,0,0,0,False,0,0,0,0,0,0,0,0,0
-1.518113,3.810194,-0.03685642,-0.9820111,-0.1129198,0.1513385,右ひざ,,,,1,0,0,0,False,0,0,0,0,0,0,0,0,0
-1.545937,4.38393,-0.002865291,-0.9875271,-0.05093828,0.1489811,右ひざ,,,,1,0,0,0,False,0,0,0,0,0,0,0,0,0
-1.510923,4.384927,0.2383505,-0.9019942,-0.05255068,0.4285381,右ひざ,,,,1,0,0,0,False,0,0,0,0,0,0,0,0,0
-1.564464,4.967438,0.002435983,-0.9877236,-0.0111608,0.1558127,右ひざ,,,,1,0,0,0,False,0,0,0,0,0,0,0,0,0
-1.523213,4.968893,0.2500636,-0.8875322,0.001860198,0.4607422,右ひざ,,,,1,0,0,0,False,0,0,0,0,0,0,0,0,0
-1.524174,5.748874,0.2249474,-0.9335932,0.01673465,0.3579438,右ひざ,,,,1,0,0,0,False,0,0,0,0,0,0,0,0,0
-1.561539,5.746992,-0.02002061,-0.988244,0.02673899,0.1505289,右ひざ,,,,1,0,0,0,False,0,0,0,0,0,0,0,0,0
-1.564464,4.967438,0.002435983,-0.9201506,-0.01468781,-0.3912892,右ひざ,,,,1,0,0,0,False,0,0,0,0,0,0,0,0,0
-1.465165,4.956313,-0.2286461,-0.8662438,-0.01542546,-0.4993834,右ひざ,,,,1,0,0,0,False,0,0,0,0,0,0,0,0,0
-1.468602,5.73608,-0.2420113,-0.8791603,-0.01777026,-0.4761947,右ひざ,,,,1,0,0,0,False,0,0,0,0,0,0,0,0,0
-1.561539,5.746992,-0.02002061,-0.9222742,0.0001135947,-0.3865365,右ひざ,,,,1,0,0,0,False,0,0,0,0,0,0,0,0,0
-1.545937,4.38393,-0.002865291,-0.9276991,-0.02028395,-0.3727775,右ひざ,,,,1,0,0,0,False,0,0,0,0,0,0,0,0,0
-1.4554,4.374175,-0.2352863,-0.8742854,-0.006795232,-0.4853647,右ひざ,,,,1,0,0,0,False,0,0,0,0,0,0,0,0,0
-1.309929,4.941626,-0.4273463,-0.653743,-0.01308758,-0.7566035,右ひざ,,,,1,0,0,0,False,0,0,0,0,0,0,0,0,0
-1.317672,5.72052,-0.4478089,-0.6509583,-0.06373272,-0.7564335,右ひざ,,,,1,0,0,0,False,0,0,0,0,0,0,0,0,0
-1.078106,4.922413,-0.5624323,-0.2108725,-0.01994479,-0.9773101,右ひざ,,,,1,0,0,0,False,0,0,0,0,0,0,0,0,0
-1.056952,5.697613,-0.586318,-0.2042322,-0.08354386,-0.975351,右ひざ,,,,1,0,0,0,False,0,0,0,0,0,0,0,0,0
-0.8336735,4.904779,-0.5365452,0.3315349,-0.05189142,-0.9420149,右ひざ,,,,1,0,0,0,False,0,0,0,0,0,0,0,0,0
-0.7868054,5.678628,-0.5597894,0.3891536,-0.09403931,-0.9163603,右ひざ,,,,1,0,0,0,False,0,0,0,0,0,0,0,0,0
-1.305232,4.360323,-0.4290532,-0.6622049,0.009744274,-0.7492595,右ひざ,,,,1,0,0,0,False,0,0,0,0,0,0,0,0,0
-1.094982,4.342936,-0.5494857,-0.1755123,-0.009105879,-0.9844351,右ひざ,,,,1,0,0,0,False,0,0,0,0,0,0,0,0,0
-0.8730357,4.326921,-0.5120076,0.4122025,-0.04752927,-0.9098517,右ひざ,,,,1,0,0,0,False,0,0,0,0,0,0,0,0,0
-0.6609784,4.894017,-0.4003038,0.6689302,-0.07773004,-0.73925,右ひざ,,,,1,0,0,0,False,0,0,0,0,0,0,0,0,0
-0.5859696,5.67195,-0.4187832,0.7031254,-0.09403132,-0.7048211,右ひざ,,,,1,0,0,0,False,0,0,0,0,0,0,0,0,0
-1.312419,3.789915,-0.4455765,-0.649277,-0.02286712,-0.7602083,右ひざ,,,,1,0,0,0,False,0,0,0,0,0,0,0,0,0
-1.101722,3.773421,-0.548465,-0.1219997,-0.02894324,-0.992108,右ひざ,,,,1,0,0,0,False,0,0,0,0,0,0,0,0,0
-1.248635,3.105386,-0.4381555,-0.6170297,-0.02922597,-0.7863969,右ひざ,,,,1,0,0,0,False,0,0,0,0,0,0,0,0,0
-1.06963,3.091966,-0.5206095,-0.08739974,-0.008536951,-0.9961368,右ひざ,,,,1,0,0,0,False,0,0,0,0,0,0,0,0,0
-0.8983808,3.759858,-0.5019767,0.4769128,-0.04207241,-0.8779431,右ひざ,,,,1,0,0,0,False,0,0,0,0,0,0,0,0,0
-1.445856,3.802242,-0.2567998,-0.8920805,-0.03794883,-0.4502802,右ひざ,,,,1,0,0,0,False,0,0,0,0,0,0,0,0,0
-1.518113,3.810194,-0.03685642,-0.9439027,-0.04240974,-0.327489,右ひざ,,,,1,0,0,0,False,0,0,0,0,0,0,0,0,0
-1.370668,3.11575,-0.2859756,-0.8917705,-0.06014571,-0.4484727,右ひざ,,,,1,0,0,0,False,0,0,0,0,0,0,0,0,0
-0.7107373,4.31638,-0.3832376,0.7217579,-0.08761039,-0.6865784,右ひざ,,,,1,0,0,0,False,0,0,0,0,0,0,0,0,0
-0.760983,3.751779,-0.3552822,0.7962294,-0.06815261,-0.6011438,右ひざ,,,,1,0,0,0,False,0,0,0,0,0,0,0,0,0
-0.5150908,4.885572,-0.2358917,0.8686982,-0.1032968,-0.4844514,右ひざ,,,,1,0,0,0,False,0,0,0,0,0,0,0,0,0
-0.451856,5.660748,-0.261703,0.8499511,-0.07293931,-0.5217884,右ひざ,,,,1,0,0,0,False,0,0,0,0,0,0,0,0,0
-0.5793391,4.309144,-0.2035093,0.9013824,-0.1310386,-0.412721,右ひざ,,,,1,0,0,0,False,0,0,0,0,0,0,0,0,0
-0.6590833,3.746374,-0.1766385,0.9389784,-0.1024487,-0.3283655,右ひざ,,,,1,0,0,0,False,0,0,0,0,0,0,0,0,0
-0.8835678,3.079621,-0.4741023,0.5821925,-0.01039349,-0.8129846,右ひざ,,,,1,0,0,0,False,0,0,0,0,0,0,0,0,0
-0.7662256,3.073136,-0.332636,0.8858125,-0.04895772,-0.4614537,右ひざ,,,,1,0,0,0,False,0,0,0,0,0,0,0,0,0
-0.4517424,4.88449,-0.02363328,0.9548505,-0.1231741,-0.2703491,右ひざ,,,,1,0,0,0,False,0,0,0,0,0,0,0,0,0
-0.3762863,5.6589,-0.07036009,0.9364929,-0.0864315,-0.3398685,右ひざ,,,,1,0,0,0,False,0,0,0,0,0,0,0,0,0
-0.5252757,4.308496,0.0117767,0.9551162,-0.1357,-0.2633222,右ひざ,,,,1,0,0,0,False,0,0,0,0,0,0,0,0,0
-0.7047797,3.070454,-0.1599807,0.9808345,-0.08128824,-0.1770761,右ひざ,,,,1,0,0,0,False,0,0,0,0,0,0,0,0,0
-0.5946001,3.744226,0.02277239,0.9434698,-0.1263063,-0.3064495,右ひざ,,,,1,0,0,0,False,0,0,0,0,0,0,0,0,0
-0.6868489,3.071442,0.02578284,0.9806544,-0.1029129,-0.1665112,右ひざ,,,,1,0,0,0,False,0,0,0,0,0,0,0,0,0
-0.7965481,2.562335,-0.3361051,0.8801088,-0.02594755,-0.4740625,右ひざ,,,,1,0,0,0,False,0,0,0,0,0,0,0,0,0
-0.8934005,2.567589,-0.4867212,0.5540857,-0.004289075,-0.8324486,右ひざ,,,,1,0,0,0,False,0,0,0,0,0,0,0,0,0
-0.7475652,2.560414,-0.1714875,0.9870852,-0.06012504,-0.1484851,右ひざ,,,,1,0,0,0,False,0,0,0,0,0,0,0,0,0
-0.8892555,2.091647,-0.4697601,0.6546047,-0.008811383,-0.7559199,右ひざ,,,,1,0,0,0,False,0,0,0,0,0,0,0,0,0
-0.8070836,2.087947,-0.3344996,0.9235288,0.005622487,-0.383488,右ひざ,,,,1,0,0,0,False,0,0,0,0,0,0,0,0,0
-0.7448464,2.561404,-0.004630943,0.9945422,-0.09544206,-0.04214942,右ひざ,,,,1,0,0,0,False,0,0,0,0,0,0,0,0,0
-1.05487,2.578001,-0.5331023,-0.05282047,0.006145255,-0.9985851,右ひざ,,,,1,0,0,0,False,0,0,0,0,0,0,0,0,0
-1.038828,2.100058,-0.5313914,-0.01416293,-0.03760371,-0.9991924,右ひざ,,,,1,0,0,0,False,0,0,0,0,0,0,0,0,0
-1.003833,1.782268,-0.5168612,0.02798039,-0.08022018,-0.9963844,右ひざ,右足首,,,0.6,0.4,0,0,False,0,0,0,0,0,0,0,0,0
-0.8632557,1.78876,-0.448674,0.6772041,0.01400763,-0.7356619,右ひざ,右足首,,,0.6,0.4,0,0,False,0,0,0,0,0,0,0,0,0
-1.186593,2.10989,-0.473078,-0.5648787,-0.06323482,-0.8227475,右ひざ,,,,1,0,0,0,False,0,0,0,0,0,0,0,0,0
-1.149756,1.797292,-0.4585259,-0.5339696,-0.1115835,-0.8381084,右ひざ,右足首,,,0.6,0.4,0,0,False,0,0,0,0,0,0,0,0,0
-0.7858797,1.817113,-0.3114724,0.9283499,0.06427622,-0.366108,右ひざ,右足首,,,0.6,0.4,0,0,False,0,0,0,0,0,0,0,0,0
-0.7685339,2.087243,-0.1706168,0.9998598,0.01328672,-0.01018941,右ひざ,,,,1,0,0,0,False,0,0,0,0,0,0,0,0,0
-0.7905754,2.089334,-0.01697254,0.9936181,-0.06791227,0.09006126,右ひざ,,,,1,0,0,0,False,0,0,0,0,0,0,0,0,0
-0.8379983,1.627622,-0.4336517,0.6860849,0.1139143,-0.7185479,右足首,右ひざ,,,0.68,0.32,0,0,False,0,0,0,0,0,0,0,0,0
-0.7621389,1.614462,-0.2924586,0.9553328,0.1000425,-0.278084,右ひざ,右足首,,,0.54,0.46,0,0,False,0,0,0,0,0,0,0,0,0
-0.9789178,1.639932,-0.5002841,0.04265559,0.01587287,-0.9989638,右足首,右ひざ,,,0.68,0.32,0,0,False,0,0,0,0,0,0,0,0,0
-1.121916,1.629303,-0.4450426,-0.4688,-0.073782,-0.8802176,右足首,右ひざ,,,0.68,0.32,0,0,False,0,0,0,0,0,0,0,0,0
-1.104473,1.433775,-0.4668505,-0.5598372,0.1509658,-0.8147341,右足首,,,,1,0,0,0,False,0,0,0,0,0,0,0,0,0
-0.953182,1.447908,-0.5233905,0.07355765,0.2960895,-0.9523237,右足首,,,,1,0,0,0,False,0,0,0,0,0,0,0,0,0
-1.228131,1.168913,-0.4480573,-0.8277219,0.2906631,-0.4799911,右足首,,,,1,0,0,0,False,0,0,0,0,0,0,0,0,0
-1.104374,1.209523,-0.5546377,-0.5167388,0.4015157,-0.7561522,右足首,,,,1,0,0,0,False,0,0,0,0,0,0,0,0,0
-1.288516,1.141352,-0.290916,-0.9573731,0.1621226,-0.2390672,右足首,,,,1,0,0,0,False,0,0,0,0,0,0,0,0,0
-1.330157,1.258492,-0.1265473,-0.9454337,-0.08593918,-0.3142762,右足首,,,,1,0,0,0,False,0,0,0,0,0,0,0,0,0
-1.323421,1.136402,-0.1170721,-0.9789045,0.06165965,-0.1947921,右足首,,,,1,0,0,0,False,0,0,0,0,0,0,0,0,0
-1.356331,0.9685107,-0.1195351,-0.9607372,0.2415038,-0.1366018,右足首,,,,1,0,0,0,False,0,0,0,0,0,0,0,0,0
-1.336496,1.616441,-0.191139,-0.826864,-0.01482349,-0.5622066,右足首,右ひざ,,,0.68,0.32,0,0,False,0,0,0,0,0,0,0,0,0
-1.315909,1.858151,-0.2256251,-0.9087403,-0.06659032,-0.4120155,右ひざ,右足首,,,0.6,0.4,0,0,False,0,0,0,0,0,0,0,0,0
-1.296766,2.118795,-0.3509445,-0.8590785,-0.0698593,-0.5070541,右ひざ,,,,1,0,0,0,False,0,0,0,0,0,0,0,0,0
-1.346156,2.124214,-0.208085,-0.9508827,-0.05692406,-0.3042726,右ひざ,,,,1,0,0,0,False,0,0,0,0,0,0,0,0,0
-1.215809,2.589463,-0.4699784,-0.5873176,-0.009376869,-0.8093023,右ひざ,,,,1,0,0,0,False,0,0,0,0,0,0,0,0,0
-1.327578,2.598526,-0.3364046,-0.8822928,-0.03103242,-0.4696769,右ひざ,,,,1,0,0,0,False,0,0,0,0,0,0,0,0,0
-1.375964,2.603804,-0.161119,-0.9616374,-0.04897535,-0.2699165,右ひざ,,,,1,0,0,0,False,0,0,0,0,0,0,0,0,0
-1.426018,3.12151,-0.09813674,-0.953689,-0.08354027,-0.288961,右ひざ,,,,1,0,0,0,False,0,0,0,0,0,0,0,0,0
-1.035599,0.4104277,-1.368337,-0.113914,0.5454885,-0.8303409,右足首,,,,1,0,0,0,False,0,0,0,0,0,0,0,0,0
-1.033472,0.3431267,-1.423134,0.007491981,0.1771441,-0.9841565,右足首,,,,1,0,0,0,False,0,0,0,0,0,0,0,0,0
-1.033105,0.3279186,-1.4212,-0.2412668,-0.186607,-0.9523487,右足首,,,,1,0,0,0,False,0,0,0,0,0,0,0,0,0
-1.254389,0.4245465,-1.152946,-0.4481701,0.4821612,-0.7527711,右足首,,,,1,0,0,0,False,0,0,0,0,0,0,0,0,0
-1.233155,0.3762649,-1.201444,-0.1090026,0.2984241,-0.9481886,右足首,,,,1,0,0,0,False,0,0,0,0,0,0,0,0,0
-1.228575,0.3591028,-1.19996,-0.2388655,-0.125664,-0.9628873,右足首,,,,1,0,0,0,False,0,0,0,0,0,0,0,0,0
-1.139652,0.3258934,-1.335951,-0.3175004,-0.1371811,-0.938283,右足首,,,,1,0,0,0,False,0,0,0,0,0,0,0,0,0
-1.141163,0.3412759,-1.337191,-0.1440127,0.1854719,-0.9720393,右足首,,,,1,0,0,0,False,0,0,0,0,0,0,0,0,0
-1.145452,0.4046754,-1.287072,-0.2957495,0.5217264,-0.8002087,右足首,,,,1,0,0,0,False,0,0,0,0,0,0,0,0,0
-0.7648129,0.5007536,-1.274107,-0.04152312,0.7227872,-0.6898221,右足首,,,,1,0,0,0,False,0,0,0,0,0,0,0,0,0
-0.6716753,0.4737588,-1.272516,0.5040882,0.619285,-0.601981,右足首,,,,1,0,0,0,False,0,0,0,0,0,0,0,0,0
-0.6632158,0.5218884,-1.208248,0.6138219,0.6170721,-0.4923868,右足首,,,,1,0,0,0,False,0,0,0,0,0,0,0,0,0
-0.7537707,0.5515272,-1.218893,0.0680274,0.7482571,-0.6599119,右足首,,,,1,0,0,0,False,0,0,0,0,0,0,0,0,0
-0.8279392,0.5333433,-1.202111,-0.7275419,0.4815634,-0.4886508,右足首,,,,1,0,0,0,False,0,0,0,0,0,0,0,0,0
-0.8403879,0.477576,-1.249583,-0.7492273,0.5411208,-0.3818989,右足首,,,,1,0,0,0,False,0,0,0,0,0,0,0,0,0
-0.8538458,0.4400824,-1.139223,-0.9693004,0.2150116,-0.1192758,右足首,,,,1,0,0,0,False,0,0,0,0,0,0,0,0,0
-0.8814835,0.3633775,-1.191061,-0.9576197,0.2696696,-0.101207,右足首,,,,1,0,0,0,False,0,0,0,0,0,0,0,0,0
-0.8526945,0.5148554,-1.131071,-0.9458547,0.1856414,-0.2662633,右足首,,,,1,0,0,0,False,0,0,0,0,0,0,0,0,0
-0.8070759,0.5140833,-1.127614,0.9113228,0.2967939,0.2853139,右足首,,,,1,0,0,0,False,0,0,0,0,0,0,0,0,0
-0.7717714,0.832546,-0.8704083,0.3909336,0.6855236,-0.6141891,右足首,,,,1,0,0,0,False,0,0,0,0,0,0,0,0,0
-0.9414787,0.8526112,-0.8744408,-0.06600038,0.6705187,-0.738951,右足首,,,,1,0,0,0,False,0,0,0,0,0,0,0,0,0
-0.7655272,1.004707,-0.7202191,0.502817,0.5597439,-0.6586819,右足首,,,,1,0,0,0,False,0,0,0,0,0,0,0,0,0
-0.9338339,1.040347,-0.733151,0.01021574,0.5736065,-0.8190673,右足首,,,,1,0,0,0,False,0,0,0,0,0,0,0,0,0
-1.101416,1.007112,-0.6953533,-0.4185934,0.5295886,-0.7377774,右足首,,,,1,0,0,0,False,0,0,0,0,0,0,0,0,0
-1.105452,0.8144004,-0.8439638,-0.4066073,0.6651908,-0.6262522,右足首,,,,1,0,0,0,False,0,0,0,0,0,0,0,0,0
-0.9458207,1.236998,-0.6079674,-0.1028541,0.4758523,-0.8734906,右足首,,,,1,0,0,0,False,0,0,0,0,0,0,0,0,0
-0.6533822,0.9152871,-0.6353607,0.8395721,0.4651483,-0.2806348,右足首,,,,1,0,0,0,False,0,0,0,0,0,0,0,0,0
-0.8779349,0.3075502,-1.274799,-0.9746704,0.1474132,-0.168188,右足首,,,,1,0,0,0,False,0,0,0,0,0,0,0,0,0
-0.8477292,0.4155805,-1.324626,-0.7162216,0.5296938,-0.4543687,右足首,,,,1,0,0,0,False,0,0,0,0,0,0,0,0,0
-0.7733667,0.4606764,-1.309033,-0.1491155,0.6277546,-0.7639953,右足首,,,,1,0,0,0,False,0,0,0,0,0,0,0,0,0
-0.8299485,0.4204722,-1.325646,-0.1860333,0.6295915,-0.7543249,右足首,,,,1,0,0,0,False,0,0,0,0,0,0,0,0,0
-0.7660733,0.4358429,-1.323913,0.008474134,0.5692006,-0.8221551,右足首,,,,1,0,0,0,False,0,0,0,0,0,0,0,0,0
-0.844568,0.3623288,-1.392652,-0.5767533,0.5648059,-0.5902119,右足首,,,,1,0,0,0,False,0,0,0,0,0,0,0,0,0
-0.851663,0.3446353,-1.400499,-0.857927,0.1093824,-0.5019928,右足首,,,,1,0,0,0,False,0,0,0,0,0,0,0,0,0
-0.8633063,0.26752,-1.358474,-0.8527551,-0.1447419,-0.5018552,右足首,,,,1,0,0,0,False,0,0,0,0,0,0,0,0,0
-0.8111961,0.3348697,-1.445603,-0.543282,0.06831055,-0.8367667,右足首,,,,1,0,0,0,False,0,0,0,0,0,0,0,0,0
-0.7969568,0.36273,-1.441461,-0.3243901,0.3115767,-0.8931355,右足首,,,,1,0,0,0,False,0,0,0,0,0,0,0,0,0
-0.8120365,0.248581,-1.392133,-0.463334,-0.4430907,-0.7674583,右足首,,,,1,0,0,0,False,0,0,0,0,0,0,0,0,0
-0.7043316,0.4240397,-1.330555,0.2183451,0.555441,-0.8023783,右足首,,,,1,0,0,0,False,0,0,0,0,0,0,0,0,0
-0.6869369,0.439679,-1.314996,0.3513612,0.5740946,-0.7395679,右足首,,,,1,0,0,0,False,0,0,0,0,0,0,0,0,0
-0.6582649,0.3802357,-1.331242,0.5844907,0.494723,-0.6431327,右足首,,,,1,0,0,0,False,0,0,0,0,0,0,0,0,0
-0.6785476,0.3478539,-1.419369,0.6456176,0.2452754,-0.7231998,右足首,,,,1,0,0,0,False,0,0,0,0,0,0,0,0,0
-0.7372593,0.3548383,-1.451508,0.1892207,0.199411,-0.9614732,右足首,,,,1,0,0,0,False,0,0,0,0,0,0,0,0,0
-0.741922,0.3231134,-1.459005,0.09868832,-0.116587,-0.9882652,右足首,,,,1,0,0,0,False,0,0,0,0,0,0,0,0,0
-0.7457101,0.237908,-1.40213,0.1921455,-0.5346746,-0.8229235,右足首,,,,1,0,0,0,False,0,0,0,0,0,0,0,0,0
-0.6043355,0.4066063,-1.23357,0.887701,0.2864865,-0.3604337,右足首,,,,1,0,0,0,False,0,0,0,0,0,0,0,0,0
-0.6025349,0.4503476,-1.161481,0.9567893,0.2376064,-0.1676232,右足首,,,,1,0,0,0,False,0,0,0,0,0,0,0,0,0
-0.5956743,0.3286631,-1.17985,0.990235,0.02571449,-0.1370164,右足首,,,,1,0,0,0,False,0,0,0,0,0,0,0,0,0
-0.5910773,0.3751198,-1.101641,0.9921684,0.06752697,-0.1050806,右足首,,,,1,0,0,0,False,0,0,0,0,0,0,0,0,0
-0.6083363,0.509533,-1.081493,0.9034508,0.3409034,-0.2599262,右足首,,,,1,0,0,0,False,0,0,0,0,0,0,0,0,0
-0.586537,0.4283279,-1.029502,0.9523858,0.1735827,-0.2506596,右足首,,,,1,0,0,0,False,0,0,0,0,0,0,0,0,0
-0.5192784,0.4974266,-0.915714,0.8047135,0.3730555,-0.4618073,右足首,,,,1,0,0,0,False,0,0,0,0,0,0,0,0,0
-0.5169557,0.5954911,-0.7556952,0.841039,0.4726781,-0.2631136,右足首,,,,1,0,0,0,False,0,0,0,0,0,0,0,0,0
-0.5515815,0.7176004,-0.5640775,0.8828143,0.4552974,-0.1155129,右足首,,,,1,0,0,0,False,0,0,0,0,0,0,0,0,0
-1.247485,0.7519199,-0.7961078,-0.6062351,0.6426536,-0.468482,右足首,,,,1,0,0,0,False,0,0,0,0,0,0,0,0,0
-1.11071,0.6831142,-1.000957,-0.3318955,0.8111174,-0.4815952,右足首,,,,1,0,0,0,False,0,0,0,0,0,0,0,0,0
-1.374144,0.6672437,-0.7423303,-0.6206087,0.6764051,-0.396637,右足首,,,,1,0,0,0,False,0,0,0,0,0,0,0,0,0
-1.073624,0.6332177,-1.127612,-0.350424,0.7556326,-0.5533738,右足首,,,,1,0,0,0,False,0,0,0,0,0,0,0,0,0
-1.113885,0.4719982,-1.175223,-0.9657703,0.2049683,-0.1589835,右足首,,,,1,0,0,0,False,0,0,0,0,0,0,0,0,0
-1.120282,0.3871437,-1.244078,-0.9717954,0.1519882,-0.1803145,右足首,,,,1,0,0,0,False,0,0,0,0,0,0,0,0,0
-1.087734,0.5410414,-1.240976,-0.6143728,0.6004922,-0.5118155,右足首,,,,1,0,0,0,False,0,0,0,0,0,0,0,0,0
-0.9766146,0.4786535,-1.334128,0.3619802,0.5496756,-0.7528792,右足首,,,,1,0,0,0,False,0,0,0,0,0,0,0,0,0
-0.943641,0.4259349,-1.276822,0.9178594,0.2318682,-0.3221352,右足首,,,,1,0,0,0,False,0,0,0,0,0,0,0,0,0
-0.9710251,0.401463,-1.372485,0.7755176,0.2857151,-0.5629737,右足首,,,,1,0,0,0,False,0,0,0,0,0,0,0,0,0
-1.118197,0.319447,-1.291481,-0.9531704,0.007571117,-0.3023391,右足首,,,,1,0,0,0,False,0,0,0,0,0,0,0,0,0
-1.082136,0.3278332,-1.388073,-0.775517,-0.1683418,-0.6084689,右足首,,,,1,0,0,0,False,0,0,0,0,0,0,0,0,0
-1.089333,0.2712582,-1.36407,-0.7752717,-0.1605696,-0.6108773,右足首,,,,1,0,0,0,False,0,0,0,0,0,0,0,0,0
-1.027076,0.247814,-1.397185,-0.06080449,-0.2930491,-0.9541619,右足首,,,,1,0,0,0,False,0,0,0,0,0,0,0,0,0
-1.033105,0.3279186,-1.4212,-0.06791851,-0.2911924,-0.9542505,右足首,,,,1,0,0,0,False,0,0,0,0,0,0,0,0,0
-0.9754937,0.3341067,-1.39541,0.7070974,-0.08541241,-0.7019387,右足首,,,,1,0,0,0,False,0,0,0,0,0,0,0,0,0
-0.9614486,0.2832197,-1.374085,0.711529,-0.09534784,-0.6961576,右足首,,,,1,0,0,0,False,0,0,0,0,0,0,0,0,0
-0.9378937,0.3527471,-1.315603,0.9054126,0.1335535,-0.4029783,右足首,,,,1,0,0,0,False,0,0,0,0,0,0,0,0,0
-0.9717136,0.4756101,-1.322733,-0.608225,0.4721072,-0.6381044,右足首,,,,1,0,0,0,False,0,0,0,0,0,0,0,0,0
-1.001651,0.4044945,-1.259811,-0.9482031,0.2078638,-0.2402157,右足首,,,,1,0,0,0,False,0,0,0,0,0,0,0,0,0
-1.002713,0.3072542,-1.331843,-0.9279477,0.1512243,-0.3406527,右足首,,,,1,0,0,0,False,0,0,0,0,0,0,0,0,0
-0.9721838,0.3905022,-1.370925,-0.8107871,0.2927253,-0.5068888,右足首,,,,1,0,0,0,False,0,0,0,0,0,0,0,0,0
-0.9792832,0.2467163,-1.401142,-0.688986,-0.03505512,-0.7239264,右足首,,,,1,0,0,0,False,0,0,0,0,0,0,0,0,0
-0.9682181,0.3141671,-1.414939,-0.7071863,-0.02614657,-0.7065437,右足首,,,,1,0,0,0,False,0,0,0,0,0,0,0,0,0
-0.9102523,0.2257496,-1.4221,-0.02453278,-0.1738324,-0.9844697,右足首,,,,1,0,0,0,False,0,0,0,0,0,0,0,0,0
-0.9116958,0.3228215,-1.442705,-0.02354606,-0.2079197,-0.9778624,右足首,,,,1,0,0,0,False,0,0,0,0,0,0,0,0,0
-0.8526454,0.3159469,-1.417669,0.6843086,-0.01589378,-0.7290193,右足首,,,,1,0,0,0,False,0,0,0,0,0,0,0,0,0
-0.8403268,0.2488612,-1.404895,0.6626616,-0.02086995,-0.7486281,右足首,,,,1,0,0,0,False,0,0,0,0,0,0,0,0,0
-0.9617217,1.056609,0.5254312,0.2506103,0.155736,0.9554794,右足首,,,,1,0,0,0,False,0,0,0,0,0,0,0,0,0
-0.823185,1.059368,0.4425101,0.7640883,0.1621386,0.6244039,右足首,,,,1,0,0,0,False,0,0,0,0,0,0,0,0,0
-0.7553468,1.062341,0.2721149,0.9596923,0.03622501,0.2787085,右足首,,,,1,0,0,0,False,0,0,0,0,0,0,0,0,0
-0.7714214,0.8955557,0.2958403,0.9593149,-0.1815087,0.2162625,右足首,,,,1,0,0,0,False,0,0,0,0,0,0,0,0,0
-0.8207526,0.7490857,0.2969281,0.7501399,-0.6203001,0.2291677,右足首,,,,1,0,0,0,False,0,0,0,0,0,0,0,0,0
-0.9644018,1.268751,0.4464937,0.2167298,0.4819239,0.8489862,右足首,,,,1,0,0,0,False,0,0,0,0,0,0,0,0,0
-0.8413696,1.258832,0.3652102,0.7205514,0.4135415,0.556587,右足首,,,,1,0,0,0,False,0,0,0,0,0,0,0,0,0
-1.11026,1.07141,0.5194355,-0.2387893,0.232746,0.9427667,右足首,,,,1,0,0,0,False,0,0,0,0,0,0,0,0,0
-1.089817,1.268066,0.4415576,-0.2559504,0.4799331,0.8391386,右足首,,,,1,0,0,0,False,0,0,0,0,0,0,0,0,0
-1.1093,0.8687326,0.5362697,-0.210428,-0.2613104,0.9420388,右足首,,,,1,0,0,0,False,0,0,0,0,0,0,0,0,0
-0.9610692,0.6519439,0.1617225,0.3453047,-0.9323592,0.1071031,右足首,,,,1,0,0,0,False,0,0,0,0,0,0,0,0,0
-0.9906818,0.6352245,-0.07260603,0.3344697,-0.927075,0.1692988,右足首,,,,1,0,0,0,False,0,0,0,0,0,0,0,0,0
-1.165282,0.5994873,-0.0552159,-0.1181222,-0.9679253,0.2217381,右足首,,,,1,0,0,0,False,0,0,0,0,0,0,0,0,0
-1.22649,1.070759,0.4588326,-0.6888731,0.2441151,0.6825407,右足首,,,,1,0,0,0,False,0,0,0,0,0,0,0,0,0
-1.30713,0.709999,0.1599732,-0.7380292,-0.6255282,0.2530362,右足首,,,,1,0,0,0,False,0,0,0,0,0,0,0,0,0
-1.325093,0.6441374,-0.05656753,-0.6616963,-0.6991395,0.2708541,右足首,,,,1,0,0,0,False,0,0,0,0,0,0,0,0,0
-1.383216,0.7996027,-0.09326359,-0.9936486,-0.05963071,0.09542853,右足首,,,,1,0,0,0,False,0,0,0,0,0,0,0,0,0
-1.36383,0.8921741,0.1233922,-0.9898994,-0.01988593,0.1403702,右足首,,,,1,0,0,0,False,0,0,0,0,0,0,0,0,0
-1.324897,0.9766601,0.2998396,-0.9457027,0.07471564,0.316329,右足首,,,,1,0,0,0,False,0,0,0,0,0,0,0,0,0
-1.333188,1.072216,0.09338435,-0.9774621,0.2001049,0.06727523,右足首,,,,1,0,0,0,False,0,0,0,0,0,0,0,0,0
-1.356331,0.9685107,-0.1195351,-0.985489,0.1695073,0.008881908,右足首,,,,1,0,0,0,False,0,0,0,0,0,0,0,0,0
-1.400675,0.7076097,-0.3157768,-0.996012,-0.05186974,0.07259244,右足首,,,,1,0,0,0,False,0,0,0,0,0,0,0,0,0
-1.368283,0.8591514,-0.3601448,-0.9825919,0.1817951,-0.03826004,右足首,,,,1,0,0,0,False,0,0,0,0,0,0,0,0,0
-1.345834,0.5735883,-0.2807218,-0.7286877,-0.6159102,0.2994475,右足首,,,,1,0,0,0,False,0,0,0,0,0,0,0,0,0
-1.369656,0.484082,-0.4829147,-0.6535938,-0.6988192,0.2906319,右足首,,,,1,0,0,0,False,0,0,0,0,0,0,0,0,0
-1.411444,0.6220338,-0.5219356,-0.998885,0.006443226,0.04676832,右足首,,,,1,0,0,0,False,0,0,0,0,0,0,0,0,0
-1.369305,0.7608776,-0.5612325,-0.9670662,0.239594,-0.0858938,右足首,,,,1,0,0,0,False,0,0,0,0,0,0,0,0,0
-1.417537,0.549721,-0.6976057,-0.9991871,-0.01147385,-0.03864749,右足首,,,,1,0,0,0,False,0,0,0,0,0,0,0,0,0
-1.374144,0.6672437,-0.7423303,-0.9497329,0.279481,-0.1410599,右足首,,,,1,0,0,0,False,0,0,0,0,0,0,0,0,0
-1.403944,0.4847544,-0.8473619,-0.9908415,-0.09457185,-0.09638074,右足首,,,,1,0,0,0,False,0,0,0,0,0,0,0,0,0
-1.366134,0.5699661,-0.8949947,-0.9343942,0.2840297,-0.2150221,右足首,,,,1,0,0,0,False,0,0,0,0,0,0,0,0,0
-1.37424,0.4373968,-0.6734987,-0.6586231,-0.7277181,0.1914214,右足首,,,,1,0,0,0,False,0,0,0,0,0,0,0,0,0
-1.35852,0.3979299,-0.8197167,-0.6347669,-0.7697293,0.06773373,右足首,,,,1,0,0,0,False,0,0,0,0,0,0,0,0,0
-1.172296,0.4521126,-0.4820716,-0.04747797,-0.927155,0.3716576,右足首,,,,1,0,0,0,False,0,0,0,0,0,0,0,0,0
-1.214525,0.377888,-0.6889426,-0.1934524,-0.9364248,0.2927198,右足首,,,,1,0,0,0,False,0,0,0,0,0,0,0,0,0
-1.171227,0.5372586,-0.2759639,-0.02198811,-0.9432864,0.3312513,右足首,,,,1,0,0,0,False,0,0,0,0,0,0,0,0,0
-0.9904561,0.5765064,-0.2874834,0.2831372,-0.8738857,0.3951672,右足首,,,,1,0,0,0,False,0,0,0,0,0,0,0,0,0
-0.8473306,0.6514684,-0.3057504,0.5248806,-0.6918417,0.495838,右足首,,,,1,0,0,0,False,0,0,0,0,0,0,0,0,0
-0.7534577,0.4845676,-0.4982258,0.3356925,-0.7595944,0.55707,右足首,,,,1,0,0,0,False,0,0,0,0,0,0,0,0,0
-0.8462061,0.7203937,-0.09899704,0.7278186,-0.6781762,0.1017701,右足首,,,,1,0,0,0,False,0,0,0,0,0,0,0,0,0
-0.7064177,0.385626,-0.7053432,0.3399967,-0.8395841,0.4236753,右足首,,,,1,0,0,0,False,0,0,0,0,0,0,0,0,0
-0.7145961,0.3209974,-0.8734114,0.2350979,-0.9396739,0.248479,右足首,,,,1,0,0,0,False,0,0,0,0,0,0,0,0,0
-1.086608,0.3230548,-0.8599767,-0.08299393,-0.9845287,0.1543216,右足首,,,,1,0,0,0,False,0,0,0,0,0,0,0,0,0
-0.6406985,0.5792463,-0.5291939,0.679971,-0.4308019,0.5933372,右足首,,,,1,0,0,0,False,0,0,0,0,0,0,0,0,0
-0.5361362,0.4631746,-0.7132385,0.79465,-0.5106668,0.3282542,右足首,,,,1,0,0,0,False,0,0,0,0,0,0,0,0,0
-0.7497301,0.7567375,-0.3255426,0.7811582,-0.4150689,0.4663794,右足首,,,,1,0,0,0,False,0,0,0,0,0,0,0,0,0
-0.7599549,0.8587254,-0.1239265,0.9087662,-0.385549,0.1596745,右足首,,,,1,0,0,0,False,0,0,0,0,0,0,0,0,0
-0.5515815,0.7176004,-0.5640775,0.7613029,-0.3057452,0.5717847,右足首,,,,1,0,0,0,False,0,0,0,0,0,0,0,0,0
-0.5169557,0.5954911,-0.7556952,0.9268286,-0.1780467,0.3305877,右足首,,,,1,0,0,0,False,0,0,0,0,0,0,0,0,0
-0.8096145,0.7379351,0.1338377,0.8118784,-0.5830447,0.03020137,右足首,,,,1,0,0,0,False,0,0,0,0,0,0,0,0,0
-0.5952919,0.3827118,-0.879673,0.6644665,-0.7422963,0.08648995,右足首,,,,1,0,0,0,False,0,0,0,0,0,0,0,0,0
-0.5192784,0.4974266,-0.915714,0.9016597,-0.4312986,-0.03148418,右足首,,,,1,0,0,0,False,0,0,0,0,0,0,0,0,0
-0.586537,0.4283279,-1.029502,0.8593494,-0.511389,0.0003576597,右足首,,,,1,0,0,0,False,0,0,0,0,0,0,0,0,0
-0.6392158,0.3362618,-0.9900684,0.6461073,-0.7454456,0.1638786,右足首,,,,1,0,0,0,False,0,0,0,0,0,0,0,0,0
-0.7289115,0.2970144,-1.006484,0.07720585,-0.9870852,0.1403641,右足首,,,,1,0,0,0,False,0,0,0,0,0,0,0,0,0
-0.5910773,0.3751198,-1.101641,0.8325347,-0.5032588,0.2315524,右足首,,,,1,0,0,0,False,0,0,0,0,0,0,0,0,0
-0.6534389,0.3083312,-1.043722,0.5071619,-0.7876315,0.3498906,右足首,,,,1,0,0,0,False,0,0,0,0,0,0,0,0,0
-0.7393328,0.2872508,-1.038686,-0.04165148,-0.9394155,0.3402406,右足首,,,,1,0,0,0,False,0,0,0,0,0,0,0,0,0
-0.5956743,0.3286631,-1.17985,0.8026559,-0.5841984,0.1202318,右足首,,,,1,0,0,0,False,0,0,0,0,0,0,0,0,0
-0.6613194,0.2517843,-1.109708,0.513033,-0.7675357,0.3842994,右足首,,,,1,0,0,0,False,0,0,0,0,0,0,0,0,0
-0.7568601,0.2523438,-1.094945,-0.2113989,-0.8311729,0.5142587,右足首,,,,1,0,0,0,False,0,0,0,0,0,0,0,0,0
-0.6283495,0.2759608,-1.296663,0.7175618,-0.6907133,-0.08955587,右足首,,,,1,0,0,0,False,0,0,0,0,0,0,0,0,0
-0.6948096,0.1983795,-1.253178,0.5182293,-0.845233,0.1304594,右足首,,,,1,0,0,0,False,0,0,0,0,0,0,0,0,0
-0.8555951,0.2944987,-1.114957,-0.7033175,-0.4941766,0.5110127,右足首,,,,1,0,0,0,False,0,0,0,0,0,0,0,0,0
-0.9763062,0.2997091,-1.019182,-0.03241684,-0.9717498,-0.2337768,右足首,,,,1,0,0,0,False,0,0,0,0,0,0,0,0,0
-0.8454805,0.2948883,-1.020383,0.02355709,-0.9489068,-0.3146757,右足首,,,,1,0,0,0,False,0,0,0,0,0,0,0,0,0
-0.7872034,0.1977001,-1.238891,-0.03851344,-0.9988357,-0.02904972,右足首,,,,1,0,0,0,False,0,0,0,0,0,0,0,0,0
-0.6948096,0.1983795,-1.253178,0.008369317,-0.9999434,0.006567013,右足首,,,,1,0,0,0,False,0,0,0,0,0,0,0,0,0
-0.7185486,0.1976812,-1.329263,-0.03851344,-0.9988357,-0.02904972,右足首,,,,1,0,0,0,False,0,0,0,0,0,0,0,0,0
-0.807258,0.2045211,-1.317447,-0.08526265,-0.9942643,-0.06456573,右足首,,,,1,0,0,0,False,0,0,0,0,0,0,0,0,0
-0.8779349,0.3075502,-1.274799,-0.9888978,-0.1464451,-0.02519992,右足首,,,,1,0,0,0,False,0,0,0,0,0,0,0,0,0
-0.8814835,0.3633775,-1.191061,-0.9561895,-0.02185293,0.2919319,右足首,,,,1,0,0,0,False,0,0,0,0,0,0,0,0,0
-1.108188,0.3137499,-0.9848971,-0.204089,-0.9659345,-0.1591174,右足首,,,,1,0,0,0,False,0,0,0,0,0,0,0,0,0
-1.113885,0.4719982,-1.175223,-0.9560646,-0.07360236,0.283766,右足首,,,,1,0,0,0,False,0,0,0,0,0,0,0,0,0
-1.09114,0.3637463,-1.136683,-0.784959,-0.3773255,0.4913908,右足首,,,,1,0,0,0,False,0,0,0,0,0,0,0,0,0
-0.9503179,0.3219931,-1.17094,0.7687406,-0.3129509,0.5577632,右足首,,,,1,0,0,0,False,0,0,0,0,0,0,0,0,0
-1.028963,0.2994405,-1.142816,-0.006030488,-0.5064203,0.8622658,右足首,,,,1,0,0,0,False,0,0,0,0,0,0,0,0,0
-1.108115,0.3134889,-1.164357,-0.7798001,-0.3332541,0.5299562,右足首,,,,1,0,0,0,False,0,0,0,0,0,0,0,0,0
-0.9423852,0.5005783,-1.22073,0.9470406,0.08099594,0.3107309,右足首,,,,1,0,0,0,False,0,0,0,0,0,0,0,0,0
-0.943641,0.4259349,-1.276822,0.9958614,0.00552473,0.09071707,右足首,,,,1,0,0,0,False,0,0,0,0,0,0,0,0,0
-0.9442449,0.2598291,-1.227525,0.8179312,-0.5213529,0.2432691,右足首,,,,1,0,0,0,False,0,0,0,0,0,0,0,0,0
-0.9378937,0.3527471,-1.315603,0.9945768,-0.100147,-0.02806607,右足首,,,,1,0,0,0,False,0,0,0,0,0,0,0,0,0
-1.118197,0.319447,-1.291481,-0.9774706,-0.2012327,-0.06369232,右足首,,,,1,0,0,0,False,0,0,0,0,0,0,0,0,0
-1.120282,0.3871437,-1.244078,-0.9790882,-0.0145298,0.2029164,右足首,,,,1,0,0,0,False,0,0,0,0,0,0,0,0,0
-1.089333,0.2712582,-1.36407,-0.7637488,-0.5598997,-0.3212475,右足首,,,,1,0,0,0,False,0,0,0,0,0,0,0,0,0
-1.027076,0.247814,-1.397185,0.02087358,-0.8402048,-0.5418675,右足首,,,,1,0,0,0,False,0,0,0,0,0,0,0,0,0
-0.9635485,0.2364404,-1.309572,0.7288719,-0.6690478,-0.1453305,右足首,,,,1,0,0,0,False,0,0,0,0,0,0,0,0,0
-0.9614486,0.2832197,-1.374085,0.8093503,-0.4876872,-0.3272819,右足首,,,,1,0,0,0,False,0,0,0,0,0,0,0,0,0
-0.9914815,0.4832227,-1.202214,-0.9426606,-0.09145324,0.3209786,右足首,,,,1,0,0,0,False,0,0,0,0,0,0,0,0,0
-0.9623272,0.3608004,-1.165232,-0.8307178,-0.3350089,0.4446088,右足首,,,,1,0,0,0,False,0,0,0,0,0,0,0,0,0
-0.906451,0.2529746,-1.17018,-0.1649627,-0.5612029,0.8110725,右足首,,,,1,0,0,0,False,0,0,0,0,0,0,0,0,0
-0.9772457,0.284779,-1.192437,-0.7667482,-0.2426106,0.5943378,右足首,,,,1,0,0,0,False,0,0,0,0,0,0,0,0,0
-1.001651,0.4044945,-1.259811,-0.9517714,-0.0651888,0.2998025,右足首,,,,1,0,0,0,False,0,0,0,0,0,0,0,0,0
-1.002713,0.3072542,-1.331843,-0.9745351,-0.2175754,0.05424366,右足首,,,,1,0,0,0,False,0,0,0,0,0,0,0,0,0
-0.9803777,0.2252615,-1.256759,-0.7213074,-0.6055789,0.3361397,右足首,,,,1,0,0,0,False,0,0,0,0,0,0,0,0,0
-0.9668301,0.200384,-1.337138,-0.6342908,-0.7625222,-0.1274167,右足首,,,,1,0,0,0,False,0,0,0,0,0,0,0,0,0
-0.9792832,0.2467163,-1.401142,-0.7377291,-0.6068597,-0.2957651,右足首,,,,1,0,0,0,False,0,0,0,0,0,0,0,0,0
-0.9048608,0.1960011,-1.24066,-0.1067959,-0.8923425,0.4385425,右足首,,,,1,0,0,0,False,0,0,0,0,0,0,0,0,0
-0.8309256,0.2609473,-1.18998,0.6156402,-0.4231655,0.6647692,右足首,,,,1,0,0,0,False,0,0,0,0,0,0,0,0,0
-0.8142246,0.4633726,-1.21762,0.969362,-0.1466558,0.1970519,右足首,,,,1,0,0,0,False,0,0,0,0,0,0,0,0,0
-0.9075068,0.1773667,-1.340442,-0.3648579,-0.9183525,-0.1533213,右足首,,,,1,0,0,0,False,0,0,0,0,0,0,0,0,0
-0.9048608,0.1960011,-1.24066,0.3653628,-0.9170206,0.1599477,右足首,,,,1,0,0,0,False,0,0,0,0,0,0,0,0,0
-0.8308931,0.2212687,-1.263649,0.362957,-0.9182069,0.1586138,右足首,,,,1,0,0,0,False,0,0,0,0,0,0,0,0,0
-0.8519423,0.1998416,-1.339522,0.3837317,-0.9056533,-0.1803942,右足首,,,,1,0,0,0,False,0,0,0,0,0,0,0,0,0
-0.9075068,0.1773667,-1.340442,0.3717547,-0.9119825,-0.1734549,右足首,,,,1,0,0,0,False,0,0,0,0,0,0,0,0,0
-0.8403268,0.2488612,-1.404895,0.3804764,-0.7710704,-0.5105764,右足首,,,,1,0,0,0,False,0,0,0,0,0,0,0,0,0
-0.9102523,0.2257496,-1.4221,0.3574492,-0.7888771,-0.4999032,右足首,,,,1,0,0,0,False,0,0,0,0,0,0,0,0,0
-0.9102523,0.2257496,-1.4221,-0.3641628,-0.7977142,-0.4806635,右足首,,,,1,0,0,0,False,0,0,0,0,0,0,0,0,0
-0.8308931,0.2212687,-1.263649,0.8994941,-0.4178866,0.1275989,右足首,,,,1,0,0,0,False,0,0,0,0,0,0,0,0,0
-0.8519423,0.1998416,-1.339522,0.9152986,-0.3795015,-0.1349334,右足首,,,,1,0,0,0,False,0,0,0,0,0,0,0,0,0
-0.8126577,0.291455,-1.330704,0.9474838,-0.3137843,-0.06175695,右足首,,,,1,0,0,0,False,0,0,0,0,0,0,0,0,0
-0.8403268,0.2488612,-1.404895,0.9163244,-0.381095,-0.1229479,右足首,,,,1,0,0,0,False,0,0,0,0,0,0,0,0,0
-0.8102731,0.3437366,-1.253731,0.9708006,-0.09879325,0.2186008,右足首,,,,1,0,0,0,False,0,0,0,0,0,0,0,0,0
-0.7684373,1.230885,0.2254004,0.9029526,0.2710426,0.3334855,右足首,,,,1,0,0,0,False,0,0,0,0,0,0,0,0,0
-0.7522866,0.8949185,0.09694333,0.9539652,-0.2942671,0.05794105,右足首,,,,1,0,0,0,False,0,0,0,0,0,0,0,0,0
-0.7212507,1.361896,-0.1103883,0.986849,0.06629117,0.1474267,右足首,,,,1,0,0,0,False,0,0,0,0,0,0,0,0,0
-0.7533342,1.394016,0.05728542,0.9059837,0.2111242,0.3669063,右足首,,,,1,0,0,0,False,0,0,0,0,0,0,0,0,0
-1.18535,0.2303039,-1.246117,-0.6313809,-0.7605423,-0.1514392,右足首,,,,1,0,0,0,False,0,0,0,0,0,0,0,0,0
-1.203605,0.2580112,-1.178576,-0.6531053,-0.6581177,0.3746127,右足首,,,,1,0,0,0,False,0,0,0,0,0,0,0,0,0
-1.123694,0.2396651,-1.16956,0.2023792,-0.8673338,0.454725,右足首,,,,1,0,0,0,False,0,0,0,0,0,0,0,0,0
-1.125006,0.2107933,-1.253452,0.1303966,-0.9807231,-0.14553,右足首,,,,1,0,0,0,False,0,0,0,0,0,0,0,0,0
-1.130941,0.2551028,-1.316638,0.03829803,-0.7936592,-0.607156,右足首,,,,1,0,0,0,False,0,0,0,0,0,0,0,0,0
-1.192294,0.2746443,-1.289704,-0.7666474,-0.507144,-0.3937725,右足首,,,,1,0,0,0,False,0,0,0,0,0,0,0,0,0
-1.070639,0.24709,-1.253924,0.7617096,-0.6369994,-0.1184493,右足首,,,,1,0,0,0,False,0,0,0,0,0,0,0,0,0
-1.065009,0.2866403,-1.301654,0.8140082,-0.4907956,-0.3106612,右足首,,,,1,0,0,0,False,0,0,0,0,0,0,0,0,0
-1.217575,0.3315511,-1.231608,-0.972895,-0.2309907,-0.01089765,右足首,,,,1,0,0,0,False,0,0,0,0,0,0,0,0,0
-1.228923,0.4008552,-1.16393,-0.9530487,-0.2274296,0.1999348,右足首,,,,1,0,0,0,False,0,0,0,0,0,0,0,0,0
-1.200551,0.3129936,-1.117586,-0.7101978,-0.4225788,0.5630687,右足首,,,,1,0,0,0,False,0,0,0,0,0,0,0,0,0
-1.13368,0.2927179,-1.108517,-0.007451574,-0.6264991,0.7793866,右足首,,,,1,0,0,0,False,0,0,0,0,0,0,0,0,0
-1.200086,0.3643416,-1.085317,-0.7139498,-0.6425329,0.2782572,右足首,,,,1,0,0,0,False,0,0,0,0,0,0,0,0,0
-1.234405,0.4681476,-1.108541,-0.9645848,-0.2237171,0.1397385,右足首,,,,1,0,0,0,False,0,0,0,0,0,0,0,0,0
-1.217974,0.3371337,-0.8386402,-0.2263817,-0.9659768,0.1250606,右足首,,,,1,0,0,0,False,0,0,0,0,0,0,0,0,0
-1.33434,0.3896821,-0.8963367,-0.5093422,-0.8540991,0.1052875,右足首,,,,1,0,0,0,False,0,0,0,0,0,0,0,0,0
-1.39156,0.4513365,-0.9081712,-0.9395947,-0.3329514,-0.0794055,右足首,,,,1,0,0,0,False,0,0,0,0,0,0,0,0,0
-1.36919,0.5156741,-0.9557907,-0.9609501,0.168424,-0.219564,右足首,,,,1,0,0,0,False,0,0,0,0,0,0,0,0,0
-1.368539,0.467474,-1.01372,-0.9819749,0.04340147,-0.1839608,右足首,,,,1,0,0,0,False,0,0,0,0,0,0,0,0,0
-1.352938,0.4005159,-1.064021,-0.9509482,-0.1693137,-0.2589022,右足首,,,,1,0,0,0,False,0,0,0,0,0,0,0,0,0
-1.210843,0.2942033,-1.004969,0.5730598,-0.6546577,0.4929765,右足首,,,,1,0,0,0,False,0,0,0,0,0,0,0,0,0
-1.172271,0.3405492,-1.030572,0.910293,-0.2201715,0.3505586,右足首,,,,1,0,0,0,False,0,0,0,0,0,0,0,0,0
-1.161244,0.3196082,-1.080527,0.9227524,-0.3797001,0.06599955,右足首,,,,1,0,0,0,False,0,0,0,0,0,0,0,0,0
-1.158539,0.3394492,-1.145489,0.9418028,-0.3304543,-0.06170577,右足首,,,,1,0,0,0,False,0,0,0,0,0,0,0,0,0
-1.167252,0.4402578,-1.068799,0.9613733,0.03946228,0.2724047,右足首,,,,1,0,0,0,False,0,0,0,0,0,0,0,0,0
-1.16027,0.4013498,-1.102403,0.9898311,0.02027073,0.1407962,右足首,,,,1,0,0,0,False,0,0,0,0,0,0,0,0,0
-1.368539,0.467474,-1.01372,-0.8717653,0.3094205,-0.3798477,右足首,,,,1,0,0,0,False,0,0,0,0,0,0,0,0,0
-1.335283,0.505022,-1.059705,-0.7239444,0.4261535,-0.5424923,右足首,,,,1,0,0,0,False,0,0,0,0,0,0,0,0,0
-1.229708,0.5522609,-1.105148,0.4263411,0.6291962,-0.6498811,右足首,,,,1,0,0,0,False,0,0,0,0,0,0,0,0,0
-1.20664,0.5221364,-1.058704,0.945228,0.3004493,0.127571,右足首,,,,1,0,0,0,False,0,0,0,0,0,0,0,0,0
-1.228923,0.4008552,-1.16393,-0.9466706,0.1401662,-0.2901176,右足首,,,,1,0,0,0,False,0,0,0,0,0,0,0,0,0
-1.201948,0.4632421,-1.234655,-0.6027634,0.4259511,-0.6747162,右足首,,,,1,0,0,0,False,0,0,0,0,0,0,0,0,0
-1.352938,0.4005159,-1.064021,-0.828214,0.0760363,-0.5552298,右足首,,,,1,0,0,0,False,0,0,0,0,0,0,0,0,0
-1.314548,0.4462343,-1.112002,-0.6154563,0.2919813,-0.7320932,右足首,,,,1,0,0,0,False,0,0,0,0,0,0,0,0,0
-1.167252,0.4402578,-1.068799,0.8647994,0.4246856,-0.2678881,右足首,,,,1,0,0,0,False,0,0,0,0,0,0,0,0,0
-1.183678,0.4817402,-1.014766,0.9257033,0.2839332,-0.2499107,右足首,,,,1,0,0,0,False,0,0,0,0,0,0,0,0,0
-1.2931,0.3922679,-1.143017,-0.7327664,0.05403696,-0.6783314,右足首,,,,1,0,0,0,False,0,0,0,0,0,0,0,0,0
-1.322653,0.336432,-1.098183,-0.7879813,-0.1353195,-0.6006448,右足首,,,,1,0,0,0,False,0,0,0,0,0,0,0,0,0
-1.16027,0.4013498,-1.102403,0.8912284,0.3512011,-0.2870015,右足首,,,,1,0,0,0,False,0,0,0,0,0,0,0,0,0
-1.267485,0.2832719,-1.142868,-0.5032838,-0.3699571,-0.7809209,右足首,,,,1,0,0,0,False,0,0,0,0,0,0,0,0,0
-1.268257,0.3440229,-1.171151,-0.5564175,-0.3477466,-0.7546337,右足首,,,,1,0,0,0,False,0,0,0,0,0,0,0,0,0
-1.175448,0.3831982,-1.172597,0.8594521,0.1276705,-0.4950176,右足首,,,,1,0,0,0,False,0,0,0,0,0,0,0,0,0
-1.158539,0.3394492,-1.145489,0.7328171,-0.1269437,-0.6684793,右足首,,,,1,0,0,0,False,0,0,0,0,0,0,0,0,0
-1.228575,0.3591028,-1.19996,0.2723044,-0.4091871,-0.8708709,右足首,,,,1,0,0,0,False,0,0,0,0,0,0,0,0,0
-1.204231,0.2859966,-1.158348,-0.0007009691,-0.4512941,-0.8923751,右足首,,,,1,0,0,0,False,0,0,0,0,0,0,0,0,0
-1.192103,0.3847779,-1.275112,-0.8388557,0.1802701,-0.5136379,右足首,,,,1,0,0,0,False,0,0,0,0,0,0,0,0,0
-1.217575,0.3315511,-1.231608,-0.9104798,0.09661111,-0.4021106,右足首,,,,1,0,0,0,False,0,0,0,0,0,0,0,0,0
-1.051945,0.3588631,-1.242423,0.9172478,0.2080838,-0.3396436,右足首,,,,1,0,0,0,False,0,0,0,0,0,0,0,0,0
-1.061071,0.4291252,-1.186693,0.9454801,0.2226466,-0.2376883,右足首,,,,1,0,0,0,False,0,0,0,0,0,0,0,0,0
-1.059127,0.4813516,-1.140903,0.9395112,0.3195965,-0.1231934,右足首,,,,1,0,0,0,False,0,0,0,0,0,0,0,0,0
-1.100776,0.5561149,-1.151095,-0.1708629,0.8154723,-0.5530016,右足首,,,,1,0,0,0,False,0,0,0,0,0,0,0,0,0
-1.081244,0.3352438,-1.321087,0.7785437,0.01254249,-0.6274652,右足首,,,,1,0,0,0,False,0,0,0,0,0,0,0,0,0
-1.065009,0.2866403,-1.301654,0.5541621,-0.1249103,-0.8229836,右足首,,,,1,0,0,0,False,0,0,0,0,0,0,0,0,0
-1.192294,0.2746443,-1.289704,-0.7133732,-0.07383578,-0.6968838,右足首,,,,1,0,0,0,False,0,0,0,0,0,0,0,0,0
-1.182558,0.3237873,-1.304878,-0.7378141,-0.09200105,-0.6687049,右足首,,,,1,0,0,0,False,0,0,0,0,0,0,0,0,0
-1.130941,0.2551028,-1.316638,-0.2479668,-0.2459777,-0.9370205,右足首,,,,1,0,0,0,False,0,0,0,0,0,0,0,0,0
-1.139652,0.3258934,-1.335951,0.01359263,-0.2813385,-0.9595123,右足首,,,,1,0,0,0,False,0,0,0,0,0,0,0,0,0
-1.323421,1.136402,-0.1170721,-0.9957468,0.05896599,0.07079077,右足首,,,,1,0,0,0,False,0,0,0,0,0,0,0,0,0
